﻿#! IncludeWeaponSound
# This file define battle parameters of characters.
# You must set at least 19 different items.
# -----------------------------------------------
# Id;AvatarSprite;ModelId;TranceModelId;TranceGlowingColor;MP_IDLE_NORMAL;MP_IDLE_DYING;MP_DAMAGE1;MP_DAMAGE2;MP_DISABLE;MP_GET_UP_DYING;MP_GET_UP_DISABLE;MP_DOWN_DYING;MP_DOWN_DISABLE;MP_IDLE_CMD;MP_NORMAL_TO_CMD;MP_DYING_TO_CMD;MP_IDLE_TO_DEF;MP_DEFENCE;MP_DEF_TO_IDLE;MP_COVER;MP_AVOID;MP_ESCAPE;MP_WIN;MP_WIN_LOOP;MP_SET;MP_RUN;MP_RUN_TO_ATTACK;MP_ATTACK;MP_BACK;MP_ATK_TO_NORMAL;MP_IDLE_TO_CHANT;MP_CHANT;MP_MAGIC;MP_STEP_FORWARD;MP_STEP_BACK;MP_ITEM1;MP_CMD_TO_NORMAL;MP_SPECIAL;AttackSequence;WeaponBone;ShadowData;StatusBones;StatusOffsetsY;StatusOffsetsZ;WeaponSounds
# Int32;String;String;String;UInt8[];String;String;String;String;String;String;String;String;String;String;String;String;String;String;String;String;String;String;String;String;String;String;String;String;String;String;String;String;String;String;String;String;String;String;Int32;UInt8;UInt8[];UInt8[];Int8[];Int8[];Int32[]
# -----------------------------------------------
18;face12;GEO_MAIN_B0_017;GEO_MAIN_B0_017;255, 160, 128;ANH_MAIN_B0_017_000;ANH_MAIN_B0_017_022;ANH_MAIN_B0_017_300;ANH_MAIN_B0_017_310;ANH_MAIN_B0_017_033;ANH_MAIN_B0_017_020;ANH_MAIN_B0_017_032;ANH_MAIN_B0_017_002;ANH_MAIN_B0_017_023;ANH_MAIN_B0_017_011;ANH_MAIN_B0_017_001;ANH_MAIN_B0_017_021;ANH_MAIN_B0_017_400;ANH_MAIN_B0_017_401;ANH_MAIN_B0_017_402;ANH_MAIN_B0_017_410;ANH_MAIN_B0_017_420;ANH_MAIN_B0_017_430;ANH_MAIN_B0_017_500;ANH_MAIN_B0_017_501;ANH_MAIN_B0_017_100;ANH_MAIN_B0_017_101;ANH_MAIN_B0_017_102;ANH_MAIN_B0_017_103;ANH_MAIN_B0_017_104;ANH_MAIN_B0_017_105;ANH_MAIN_B0_017_200;ANH_MAIN_B0_017_201;ANH_MAIN_B0_017_202;ANH_MAIN_B0_017_040;ANH_MAIN_B0_017_050;ANH_MAIN_B0_017_210;ANH_MAIN_B0_017_010;ANH_MAIN_B0_017_000;118;16;1, 11, 168, 180, 0;18, 18, 18, 18, 18, 1;-10, 0, -6, -1, -6, -18;-1, -2, -7, -8, -5, 0;900, 70;# Beatrix
