#! IncludeId
# This file contains a set of usable item effects.
# You must set at least 32 different items.
# -----------------------------------------------
# Id;Targets;DefaultAlly;Display;AnimationId;Dead;DefaultDead;ScriptId;Power;Rate;Element;Status
# Int32;UInt8;Bit;UInt8;Int16;Bit;Bit;Int32;Int32;Int32;UInt8;UInt32
# -----------------------------------------------
21;0;1;3;8;1;0;73;0;0;0;64;# 245 - Magic Tag / Holy Water Change Animation
25;0;1;1;17;1;1;72;10;0;0;256;# 249 - Phoenix Pinion
32;0;1;1;141;0;0;69;900;0;0;0;# 237 - X-Potion
33;0;1;2;278;0;0;70;110;0;0;0;# 238 - Turbo Ether
34;7;1;1;40;0;0;71;0;0;0;0;# 239 - Megalixir
35;0;0;1;400;0;0;57;0;0;0;0; # 239 - Smoke Bomb
36;0;0;1;147;0;0;42;500;0;0;0;# 240 - Super Bomb
37;0;0;1;65;0;0;42;9999;0;0;0;# 241 - Chef's Knife
28;0;0;0;288;0;0;75;30;0;0;0;# 252 - Dead Pepper