# This file contains a set of bonuses of equipment.
# You can set any number of different items.
# 1-Fire 2-Ice 4-Thunder 8-Earth
# 16-Water 32-Wind 64-Holy 128-Dark
# 7-Fire/Ice/Thunder 57-Fire/Earth/Water/Wind
# 192-Holy/Dark 255-All
# -----------------------------------------------
# Comment;Id;Dexterity;Strength;Magic;Will;AttackElement;GuardElement;AbsorbElement;HalfElement;WeakElement
#;Int32;Byte;Byte;Byte;Byte;Byte;Byte;Byte;Byte;Byte
# -----------------------------------------------
Bonus 0961 # Chefs Knife;961;1;5;5;0;0;0;128;0;0
Bonus 0962 # Celestriad;962;0;0;5;2;0;0;0;255;0
Bonus 0963 # AP Egg;963;1;1;1;1;0;0;255;0;0
Bonus 0964 # Exp Materia;964;1;1;1;1;0;255;0;0;0
Bonus 0965 # NixExp Belt;964;1;1;1;1;0;0;0;0;0
Bonus 0966 # Septieme;966;1;1;1;1;0;0;0;255;0
Bonus 0967 # Mythril Shield;967;0;0;0;1;0;0;0;0;0