#! IncludeHitSfx
#! IncludeCustomTexture
# This file contains a set of game weapons.
# You must set at least 88 different items.
# -----------------------------------------------
# Comment;Id;Category;StatusIndex;Model;ScriptId;Power;Elements;Rate;Offset1;Offset2;HitSfx;CustomTexture
# ;Int32;Byte;Int32;String;Int32;Int32;Byte;Int32;Int16;Int16;Byte;String[]
# -----------------------------------------------
Pinwheel;85;6;0;<null>;0;25;0;0;0;0;85;
Rising Sun;86;6;0;<null>;0;36;0;0;0;0;86;
Wing Edge;87;6;0;<null>;0;64;0;0;0;0;87;
SuperBall;960;6;0;<null>;0;36;0;0;0;0;87;
Chef's Knife;961;5;0;GEO_WEP_B1_012;1;200;0;0;0;0;87;OtherResources/chefsknife.png