<Mod>
	<Name>Kupo Controller Pack</Name>
	<Version>4.1.4</Version>
	<Priority>11</Priority>
	<InstallationPath>KupoButtonsPack</InstallationPath>
	<ReleaseDate>2025-07-19</ReleaseDate>
	<ReleaseDateOriginal>2021-08-27</ReleaseDateOriginal>
	<Author>faospark</Author>
	<Description>The original COMPLETE controller buttons pack of FF9.
Available Themes:
- PlayStation Vanilla prompts [On by default]
  the closest to the game stock UI, Turned on by Default
- (Dualshock 4) PlayStation Gloss prompts 
  a glossier type and default install
- (Dualsense) PS5 white button prompts
  Black and White look of PS5
- Pixel Type Button Prompts
  if you want it old School
- SNES North American one [via request]
  Because we can.
- Switch Pro Controller [NEW]
  Because we duh .
- Xbox Gloss [NEW]
  Because why not .
 
 A component of Kupo Library formerly Mog Add-ons</Description>
	<PatchNotes>Added Switch and Xbox Gloss Options , Fixed error on moogle icon being declared on tp sheet</PatchNotes>
	<Category>Visual</Category>
	<Website>https://www.nexusmods.com/finalfantasy9/mods/81</Website>
	<DownloadUrl>https://www.dropbox.com/scl/fi/aro9kltyr05pwgspwi9bg/KupoButtonsPack.zip?rlkey=6gg5g2fkizchhp4vthop0v4nd&amp;dl=1</DownloadUrl>
	<PreviewFile>preview/kupo-buttons-pack.png</PreviewFile>
	<PreviewFileUrl>https://staticdelivery.nexusmods.com/mods/1948/images/81/81-1730476327-697295505.png</PreviewFileUrl>
	<MinimumMemoriaVersion>2024.05.19</MinimumMemoriaVersion>
	<Header>Buttons Prompts</Header>
	<SubMod>
		<Name>PS Gloss (DS4)</Name>
		<InstallationPath>Features/ButtonsPS4Gloss</InstallationPath>
		<Description>Glossy PS4 buttons</Description>
		<Default/>
		<Group>g-controller</Group>
		<PreviewFile>preview/controller-ps4gloss.jpg</PreviewFile>
		<Priority>10</Priority>
	</SubMod>
	<SubMod>
		<Name>PS5 (DualSense)</Name>
		<InstallationPath>Features/ButtonsPS5</InstallationPath>
		<Description>Makes Button 5 like in PS5</Description>
		<Group>g-controller</Group>
		<PreviewFile>preview/controller-ps5.jpg</PreviewFile>
	</SubMod>
	<SubMod>
		<Name>PS Vanilla (PSX)</Name>
		<InstallationPath>Features/ButtonsPSX</InstallationPath>
		<Description>PS prompts in the same Style as the default xbox prompts</Description>
		<Group>g-controller</Group>
		<PreviewFile>preview/controller-psx.jpg</PreviewFile>
	</SubMod>
	<SubMod>
		<Name>Pixels (PSX)</Name>
		<InstallationPath>Features/ButtonsPixel</InstallationPath>
		<Description>Pixelated Prompts if that is your thing</Description>
		<Group>g-controller</Group>
		<PreviewFile>preview/controller-pixel.jpg</PreviewFile>
	</SubMod>
	<SubMod>
		<Name>SNES</Name>
		<InstallationPath>Features/ButtonsSNES</InstallationPath>
		<Description>A Requested SNES or Switch layout </Description>
		<Group>g-controller</Group>
		<PreviewFile>preview/controller-snes.jpg</PreviewFile>
	</SubMod>
	<SubMod>
		<Name>Switch</Name>
		<InstallationPath>Features/ButtonsSwitch</InstallationPath>
		<Description>Switch layout and colors </Description>
		<Group>g-controller</Group>
		<PreviewFile>preview/controller-witch.jpg</PreviewFile>
	</SubMod>
	<SubMod>
		<Name>Xbox Gloss</Name>
		<InstallationPath>Features/ButtonsXboxGloss</InstallationPath>
		<Description>Glossy Version of the  Default Xbox Prompts</Description>
		<Group>g-controller</Group>
		<PreviewFile>preview/controller-xbox-g.jpg</PreviewFile>		
	</SubMod>
	<SubMod>
		<Name>Default Xbox</Name>
		<InstallationPath>Features/ButtonsXbox</InstallationPath>
		<Description>Restores Default Xbox Prompts</Description>
		<Group>g-controller</Group>
	</SubMod>
</Mod>