#! IncludeCastingTitleType
# This file contains character actions.
# -----------------------------------------------
# Comment;id;menuWindow;targets;defaultAlly;forDead;defaultOnDead;defaultCamera;animationId1;animationId2;scriptId;power;elements;rate;category;statusIndex;mp;type;commandTitle
# String;Int32;UInt8;UInt8;Boolean;Boolean;Boolean;Boolean;Int16;UInt16;Int32;Int32;UInt8;Int32;UInt8;Int32;Int32;UInt8;UInt8
# -----------------------------------------------
Aero;10002;None(0);ManyAny(3);0;0;0;0;180;180;9;18;32;0;19;0;6;0;255;# Aero 180
Aera;10003;None(0);ManyAny(3);0;0;0;0;173;173;9;34;32;0;19;0;12;0;255;# Aera
Aeraga;10004;None(0);ManyAny(3);0;0;0;0;284;502;9;80;32;0;19;0;24;0;255;# Aeraga 173 502
Quake;10012;None(0);AllEnemy(8);0;0;0;0;58;10;9;18;8;0;19;0;6;0;255;# Quake
Quakera;10013;None(0);AllEnemy(8);0;0;0;0;390;10;9;34;8;0;19;0;12;0;255;# Quakera
Quaga;10014;None(0);AllEnemy(8);0;0;0;0;300;10;9;80;8;0;19;0;24;0;255;# Quaga
Water;10022;None(0);ManyAny(3);0;0;0;0;22;22;9;18;16;0;19;0;6;0;255;# Water
Watera;10023;None(0);ManyAny(3);0;0;0;0;95;95;9;34;16;0;19;0;12;0;255;# Water
Waterga;10024;None(0);ManyAny(3);0;0;0;0;427;427;9;80;16;0;19;0;24;0;255;# Waterga
Aero Sword;10500;None(0);SingleEnemy(2);0;0;0;0;10500;10;63;5;32;0;2;0;6;0;254;# Aero Sword
Aera Sword;10502;None(0);SingleEnemy(2);0;0;0;0;10504;10;63;10;32;0;2;0;12;0;254;# Aera Sword
Aeraga Sword;10504;None(0);SingleEnemy(2);0;0;0;0;10502;10;63;30;32;0;2;0;30;0;254;# Aeraga Sword
Quake Sword;10510;None(0);SingleEnemy(2);0;0;0;0;10510;10;63;5;8;0;2;0;6;0;254;# Quake Sword
Quakera Sword;10512;None(0);SingleEnemy(2);0;0;0;0;10512;10;63;10;8;0;2;0;12;0;254;# Quakera Sword
Quakaga Sword;10514;None(0);SingleEnemy(2);0;0;0;0;10514;10;63;30;8;0;2;0;30;0;254;# Quakaga Sword
Water Sword;10520;None(0);SingleEnemy(2);0;0;0;0;10520;10;63;5;16;0;2;0;6;0;254;# Water Sword
Watera Sword;10522;None(0);SingleEnemy(2);0;0;0;0;10522;10;63;10;16;0;2;0;12;0;254;# Watera Sword
Waterga Sword;10524;None(0);SingleEnemy(2);0;0;0;0;10524;10;63;30;16;0;2;0;30;0;254;# Waterga Sword
