#! IncludeCastingTitleType
# This file contains character actions.
# -----------------------------------------------
# Comment;id;menuWindow;targets;defaultAlly;forDead;defaultOnDead;defaultCamera;animationId1;animationId2;scriptId;power;elements;rate;category;statusIndex;mp;type;commandTitle
# String;Int32;UInt8;UInt8;Boolean;Boolean;Boolean;Boolean;Int16;UInt16;Int32;Int32;UInt8;Int32;UInt8;Int32;Int32;UInt8;UInt8
# -----------------------------------------------
Th Slash + Cura;161;None(0);2;0;0;0;0;10;10;80;149;0;2;4;0;24;0;255;# Th Slash + Cura
Stk Break + Esuna;162;BadStatus(3);1;1;0;0;0;10;10;80;150;0;10;4;0;36;0;255;# Stk Break + Esuna
Shock + Reflect;163;None(0);2;0;0;0;0;10;10;80;152;0;165;4;0;48;0;255;# Shock + Reflect
Climhazzard + Holy;164;None(0);2;0;0;0;0;10;10;80;151;0;24;4;0;68;0;255;# Climhazzard + Holy