# This file contains a number of gems which are required for the activation of passive abilities.
# You must set at least 64 different items.
# -----------------------------------------------
# Comment;Id;Gems;BoostedVersion(s)
# ;Int32;UInt8;Int32[]
# -----------------------------------------------
Auto-Reflect;0;8;
Auto-Float;1;3;
Auto-Haste;2;5;
Auto-Regen;3;5;
Auto-Life;4;6;
HP+10%;5;2;
HP+20%;6;4;
MP+10%;7;2;
MP+20%;8;4;
Accuracy+;9;1;
Distract;10;3;
Long Reach;11;8;
MP Attack;12;3;
Bird Killer;13;2;
Bug Killer;14;1;
Stone Killer;15;2;
Undead Killer;16;1;
Dragon Killer;17;2;
Devil Killer;18;1;
Beast Killer;19;2;
Man Eater;20;1;
High Jump;21;2;
Master Thief;22;3;
Steal Gil;23;3;
Healer;24;1;
Add Status;25;2;
Gamble Defence;26;1;
Chemist;27;2;
Power Throw;28;10;
Power Up;29;2;
Reflect-Null;30;4;
Reflectx2;31;9;
Mag Elem Null;32;7;
Concentrate;33;5;
Half MP;34;6;
High Tide;35;4;
Counter;36;4;
Cover;37;3;
Protect Girls;38;2;
Eye 4 Eye;39;3;
Body Temp;40;2;
Alert;41;2;
Initiative;42;3;
Level Up;43;4;
Ability Up;44;2;
Millionaire;45;3;
Flee-Gil;46;2;
Guardian Mog;47;2;
Insomniac;48;3;
Antibody;49;2;
Bright Eyes;50;2;
Loudmouth;51;2;
Restore HP;52;4;
Jelly;53;2;
Return Magic;54;5;
Absorb MP;55;3;
Auto-Potion;56;2;
Locomotion;57;2;
Clear Headed;58;3;
Boost;59;6;
Odin�s Sword;60;3;
Mug;61;2;
Bandit;62;3;
Auto-Protect;10002;7;
Auto-Shell;10003;7;
Cheat Fate;10004;2;
Fidget;10005;1;
Adversity;10000;1;
Dragoon Team;10001;5;
Catalysis;10006;5;
Pyrotechnics;10007;2;
Chemistry;10008;5;
Utsusemi;10009;3;
Power Volley;10010;1;
Cinna's Hammer;706;3;