<Mod>
	<Name>Modern Labels + </Name>
	<Version>4.1.8</Version>
	<Priority>15</Priority>	
	<InstallationPath>KupoModernLabels</InstallationPath>
	<ReleaseDate>2025-06-27</ReleaseDate>
	<ReleaseDateOriginal>2024-10-01</ReleaseDateOriginal>
	<Author>faospark</Author>
	<Description>A mod that replaces old item, spell and UI names / labels to their modern counterparts or their now known consistent naming convention 
Ideal for those who were introduced to the series post final fantasy 12. Simply activate and that should work. 
For now the primary focus of the mod is the US and UK translation of the game so non english language players feel free to message me if you have something you want to change in your 
Language of choice. 
	</Description>
	<PatchNotes>Added default Intended default names of Amarant and Freja</PatchNotes>
	<Category>Translation</Category>
	<Website>https://www.nexusmods.com/finalfantasy9/mods/74</Website>
	<DownloadUrl>https://www.dropbox.com/scl/fi/mi4qmy3h2qqoa57bf8wzu/KupoModernLabels.zip?rlkey=hfbawmgaiijosth1u6wcomwbk&amp;st=zcvbfu94&amp;dl=1</DownloadUrl>
	<PreviewFile>preview/kupo-Modern-Items-spells.png</PreviewFile>
	<PreviewFileUrl>https://staticdelivery.nexusmods.com/mods/1948/images/74/74-1729218273-991909550.png</PreviewFileUrl>
	<MinimumMemoriaVersion>2025.05.12</MinimumMemoriaVersion>
	<SubMod>
		<Name>Enable Extended</Name>
		<InstallationPath>extended</InstallationPath>
		<Description>Mainly Additional Icons on some menus</Description>
		<Priority>1</Priority>
		<Default/>
	</SubMod>
		<SubMod>
		<Name>Freija and Salamader</Name>
		<InstallationPath>Names</InstallationPath>
		<Description>Changes the default names of Freya and Amarant for both English Translations</Description>
		<Priority>2</Priority>
		<Default/>
	</SubMod>
</Mod>