#! IncludeId
#! IncludeAuxiliaryIds
#! IncludeSellingPrice
# This file contains a set of game items.
# -----------------------------------------------
# Id;WeaponId;ArmorId;EffectId;Price;SellingPrice;GraphicsId;ColorId;Quality;BonusId;AbilityIds;Weapon;Armlet;Helmet;Armor;Accessory;Item;Gem;Usable;Order;Zidane;Vivi;Garnet;Steiner;Freya;Quina;Eiko;Amarant;Cinna;Marcus;Blank;Beatrix
# Int32;Int32;Int32;Int32;UInt32;Int32;UInt8;UInt8;Single;Int32;Ability[];Bit;Bit;Bit;Bit;Bit;Bit;Bit;Bit;Single;Bit;Bit;Bit;Bit;Bit;Bit;Bit;Bit;Bit;Bit;Bit;Bit
# -----------------------------------------------
112;-1;24;-1;150;75;15;8;51;25;AA:25, AA:842;0;0;1;0;0;0;0;0;131;1;1;1;0;0;1;1;1;1;1;1;0;# 112 - Leather Hat
114;-1;26;-1;200;100;15;8;53;27;SA:50, AA:843, SA:25;0;0;1;0;0;0;0;0;133;1;1;1;0;0;1;1;0;1;1;1;0;# 114 - Feather Hat
175;-1;87;-1;52000;26000;17;8;139;88;AA:844, SA:30, SA:33;0;0;0;1;0;0;0;0;194;0;1;1;0;0;1;1;0;0;0;0;0;# 175 - Robe of Lords
70;70;-1;-1;320;160;10;0;1;0;AA:25, AA:845;1;0;0;0;0;0;0;0;91;0;1;0;0;0;0;0;0;0;0;0;0;# 070 - Mage Staff(Quake)
93;-1;5;-1;1000;500;13;2;32;6;SA:58, AA:14, AA:846;0;1;0;0;0;0;0;0;112;0;1;1;0;0;1;1;0;0;0;0;0;# 093 - Magic Armlet (Quakera)
131;-1;43;-1;6100;3050;15;8;75;44;SA:6, SA:26, AA:847;0;0;1;0;0;0;0;0;150;1;1;1;0;0;1;1;1;1;1;1;0;# 131 - Adaman Hat (Quakaga)
88;-1;0;-1;130;65;13;3;20;1;SA:46, AA:848;0;1;0;0;0;0;0;0;107;1;1;1;0;0;1;1;1;1;1;1;0;# 088 - Wrist (Water)
117;-1;29;-1;400;200;15;8;57;30;AA:32, AA:2, AA:849;0;0;1;0;0;0;0;0;136;1;1;1;0;0;1;1;0;1;1;1;0;# 117 - Magus Hat (Watera)
96;-1;8;-1;3000;1500;13;3;29;9;SA:62, SA:16, AA:850;0;1;0;0;0;0;0;0;115;1;1;1;0;0;1;1;1;1;1;1;0;# 096 - N-Kai Armlet (Waterga)
78;78;-1;-1;10000;5000;10;0;9;0;AA:48, AA:851 ;1;0;0;0;0;0;0;0;99;0;1;0;0;0;0;0;0;0;0;0;0;# 078 - Mace of Zeus