#! IncludeId
#! IncludeAuxiliaryIds
#! IncludeSellingPrice
# This file contains a set of game items.
# -----------------------------------------------
# 242;-1;-1;18;100;50;24;11;0;0;AA:11100;0;0;0;0;1;1;0;1;9;0;0;0;0;0;0;1;0;0;0;0;0;# 242 - Soft/ Needle
# Id;WeaponId;ArmorId;EffectId;Price;SellingPrice;GraphicsId;ColorId;Quality;BonusId;AbilityIds;Weapon;Armlet;Helmet;Armor;Accessory;Item;Gem;Usable;Order;Zidane;Vivi;Garnet;Steiner;Freya;Quina;Eiko;Amarant;Cinna;Marcus;Blank;Beatrix
# Int32;Int32;Int32;Int32;UInt32;Int32;UInt8;UInt8;Single;Int32;Ability[];Bit;Bit;Bit;Bit;Bit;Bit;Bit;Bit;Single;Bit;Bit;Bit;Bit;Bit;Bit;Bit;Bit;Bit;Bit;Bit;Bit
# -----------------------------------------------
229;-1;-1;5;2;1;21;12;0;142; AA:67, AA:11, SA:19;0;0;0;0;1;1;1;0;247;1;1;1;1;1;1;1;1;1;1;1;1;# 229 - Moonstone
