#! IncludeBoosted
# This file contains a number of gems, which are required for the activation of passive abilities.
# -----------------------------------------------
# Comment;Id;Gems;BoostedVersion(s)
# String;Int32;UInt8;Int32[]
# -----------------------------------------------
Auto-Reflect;0;1;
Auto-Haste;2;1;
Auto-Regen;3;1;
MP+20%;8;1;
Accuracy+;9;1;
Distract;10;1;
Long Reach;11;1;
MP Attack;12;1;
Bird Killer;13;1;
Bug Killer;14;1;
Stone Killer;15;1;
Devil Killer;18;1;
Steal Gil;23;1;
Add Status;25;1;
Power Throw;28;1;
Power Up;29;1;
Mag Elem Null;32;1;
Concentrate;33;1;
High Tide;35;1;
Protect Girls;38;1;
Eye 4 Eye;39;1;
Initiative;42;1;
Millionaire;45;1;
Flee-Gil;46;1;
Insomniac;48;1;
Antibody;49;1;
Restore HP;52;1;
Absorb MP;55;1;
Auto-Potion;56;1;
Locomotion;57;1;
Clear Headed;58;1;
Auto-Protect;10002;1;
Auto-Shell;10003;1;
Cheat Fate;10004;1;
Fidget;10005;1;
Adversity;10000;1;
Dragoon Team;10001;1;