#! IncludeId
#! IncludeAuxiliaryIds
#! IncludeSellingPrice
# This file contains a set of game items.
# -----------------------------------------------
# Id;WeaponId;ArmorId;EffectId;Price;SellingPrice;GraphicsId;ColorId;Quality;BonusId;AbilityIds;Weapon;Armlet;Helmet;Armor;Accessory;Item;Gem;Usable;Order;Zidane;Vivi;Garnet;Steiner;Freya;Quina;Eiko;Amarant;Cinna;Marcus;Blank;Beatrix
# Int32;Int32;Int32;Int32;UInt32;Int32;UInt8;UInt8;Single;Int32;Ability[];Bit;Bit;Bit;Bit;Bit;Bit;Bit;Bit;Single;Bit;Bit;Bit;Bit;Bit;Bit;Bit;Bit;Bit;Bit;Bit;Bit
# -----------------------------------------------
1;1;-1;-1;320;160;1;0;1;157;AA:101, AA:950 ;1;0;0;0;0;0;0;0;22;1;0;1;0;0;0;0;0;0;0;0;0;# 1 - Dagger
115;-1;27;-1;260;130;15;8;55;28;AA:950, AA:951, AA:12;0;0;1;0;0;0;0;0;134;1;1;1;0;0;1;1;0;1;1;1;0;# 115 - Steepled Hat
63;63;-1;-1;10280;5140;8;0;18;0;AA:952, AA:3, AA:5;1;0;0;0;0;0;0;0;84;0;0;1;0;0;0;0;0;0;0;0;0;# 063 - Whale Whisker

