#! IncludeId
#! IncludeAuxiliaryIds
#! IncludeSellingPrice
# This file contains a set of game items.
# You must set at least 256 different items.
# -----------------------------------------------
### 253;-1;-1;29;800;26;9;0;0;0;0;0;0;0;0;1;0;1;16;0;0;0;0;0;0;0;0;0;0;0;0;# 253 - Tent
# Id;WeaponId;ArmorId;EffectId;Price;SellingPrice;GraphicsId;ColorId;Quality;BonusId;AbilityIds;Weapon;Armlet;Helmet;Armor;Accessory;Item;Gem;Usable;Order;Zidane;Vivi;Garnet;Steiner;Freya;Quina;Eiko;Amarant;Cinna;Marcus;Blank;Beatrix
# Int32;Int32;Int32;Int32;UInt32;Int32;UInt8;UInt8;Single;Int32;Ability[];Bit;Bit;Bit;Bit;Bit;Bit;Bit;Bit;Single;Bit;Bit;Bit;Bit;Bit;Bit;Bit;Bit;Bit;Bit;Bit;Bit
# -----------------------------------------------
249;-1;-1;25;2000;1000;25;3;0;0;AA:72;0;0;0;0;1;1;0;1;14;0;0;0;0;0;0;1;0;0;0;0;0;# 249 - Phoenix Pinion
