<Mod>
	<Name>Modern Item and Spell Names</Name>
	<Version>4.0.1</Version>
	<InstallationPath>KupoModernNames</InstallationPath>
	<ReleaseDate>2024-10-01</ReleaseDate>
	<ReleaseDateOriginal>2024-10-01</ReleaseDateOriginal>
	<Author>faospark</Author>
	<Description> A tiny mod that replaces old item and spell names to their modern counterparts 
Ideal for those who were introduced to the series post final fantasy 12. 
Simply activate and that should work. 
For non english language players feel free to message me if you have something you want o add 	
	</Description>
	<PatchNotes>Initial Release</PatchNotes>
	<Category>Translation</Category>
	<Website>https://www.nexusmods.com/finalfantasy9/mods/31</Website>
	<DownloadUrl>https://www.dropbox.com/scl/fi/tdsvwzvpjd1a73jhndxy9/KupoModernNames.zip?rlkey=go8hdi8hma8lx1kyvwb2mep8x&amp;dl=1</DownloadUrl>	
	<PreviewFile>preview/kupo-Modern-Items-spells.png</PreviewFile>
	<PreviewFileUrl>https://staticdelivery.nexusmods.com/mods/1948/images/31/31-1728049442-585118701.png</PreviewFileUrl>
	<MinimumMemoriaVersion>2022.11.11</MinimumMemoriaVersion>
</Mod>