<Mod>
	<Name>Mog Add-ons</Name>
	<Version>3.7.4</Version>
	<InstallationPath>MogAddons</InstallationPath>
	<ReleaseDate>2024-08-15</ReleaseDate>
	<ReleaseDateOriginal>2021-06-14</ReleaseDateOriginal>
	<Author>faospark</Author>
	<Description>A Library / Collection of Gameplay Tweaks, Graphical enhancement , Button Support and Many more
:: Submod activation and Notes :: 
- Activate each submods by using the drop down menu below 
- Compatible to Playable Character Pack and Beatrix mod and Tantalus Mod </Description>
	<PatchNotes>Please open the Readme.txt File for Instructions</PatchNotes>
	<Category>Various</Category>
	<Website>https://www.nexusmods.com/finalfantasy9/mods/31</Website>
	<DownloadUrl>https://www.dropbox.com/s/o1wjflgm0s3dicx/Mog%20Add-ons%20Mod%20FFIX.zip?dl=1</DownloadUrl>
	<PreviewFile>preview/mog-addons.png</PreviewFile>
	<PreviewFileUrl>https://staticdelivery.nexusmods.com/mods/1948/images/31/31-1723937529-218587144.png</PreviewFileUrl>
	<MinimumMemoriaVersion>2022.11.11</MinimumMemoriaVersion>
	<SubMod>
		<Name>Configure</Name>
		<InstallationPath>Features/Zecrets</InstallationPath>
		<Description>Click Here to Configure mods</Description>
		<Priority>1</Priority>
	</SubMod>
	<SubMod>
		<Name>Buttons : PS5 (DualSense)</Name>
		<InstallationPath>Features/Buttons/ButtonsPS5</InstallationPath>
		<Description>Makes Button 5 like in PS5</Description>
		<Priority>1</Priority>
	</SubMod>
	<SubMod>
		<Name>Buttons : PS Gloss (DS4)</Name>
		<InstallationPath>Features/Buttons/ButtonsPS4Gloss</InstallationPath>
		<Description>Glossy PS4 buttons</Description>
		<Priority>2</Priority>
	</SubMod>
	<SubMod>
		<Name>Buttons : Simple PS (PSX)</Name>
		<InstallationPath>Features/Buttons/ButtonsPSX</InstallationPath>
		<Description>PS prompts in the same Style as the default xbox prompts</Description>
		<Priority>3</Priority>
	</SubMod>
	<SubMod>
		<Name>Buttons : Pixels (PSX)</Name>
		<InstallationPath>Features/Buttons/ButtonsPixel</InstallationPath>
		<Description>Pixelated Prompts if that is your thing</Description>
		<Priority>1</Priority>
	</SubMod>
	<SubMod>
		<Name>Buttons : Default Xbox</Name>
		<InstallationPath>Features/Buttons/ButtonsXbox</InstallationPath>
		<Description>Restores Default Xbox Prompts</Description>
		<Priority>4</Priority>
	</SubMod>
	<SubMod>
		<Name>Buttons : SNES</Name>
		<InstallationPath>Features/Buttons/ButtonsSNES</InstallationPath>
		<Description>A Requested SNES or Switch layout </Description>
		<Priority>5</Priority>
	</SubMod>
	<SubMod>
		<Name>-------\\   Portraits   \\---------</Name>
		<InstallationPath>Features/Zecrets</InstallationPath>
		<Description>Click Here to Configure mods</Description>
		<Priority>1</Priority>
	</SubMod>
	<SubMod>
		<Name>Portraits : Default Extended Cast</Name>
		<InstallationPath>Features/Portraits/PortraitDefault</InstallationPath>
		<Description>Default Portraits that includes Kuja, Fratly and Lani</Description>
		<Priority>1</Priority>
	</SubMod>
	<SubMod>
		<Name>Portraits : PSX Upscaled</Name>
		<InstallationPath>Features/Portraits/PortraitPSXUpscale</InstallationPath>
		<Description>original psx release Upscaled using waifu2x and Gigapixel</Description>
		<Priority>2</Priority>
	</SubMod>
	<SubMod>
		<Name>Portraits : Opera Omnia</Name>
		<InstallationPath>Features/Portraits/PortraitOperaOmnia</InstallationPath>
		<Description>DFOO Portraits</Description>
		<Priority>3</Priority>
	</SubMod>
	<SubMod>
		<Name>Portraits : DFFOO Pluto Knight / White Mage </Name>
		<InstallationPath>Features/Portraits/PortraitOperaOmniaPCP</InstallationPath>
		<Description>DFFOO Style for Extra costumes for Zidane and Garnet </Description>
		<Priority>3</Priority>
	</SubMod>
	<SubMod>
		<Name>-------\\	 User Interface  \\---------</Name>
		<InstallationPath>Features/Zecrets</InstallationPath>
		<Description>Click Here to Configure mods</Description>
		<Priority>1</Priority>
	</SubMod>
	<SubMod>
		<Name>Dialogue Box : Default</Name>
		<InstallationPath>Features/DialogueBox/DxDefault</InstallationPath>
		<Description>Disables Darker UI</Description>
		<Priority>1</Priority>
	</SubMod>
	<SubMod>
		<Name>Dialogue Box : Darker UI</Name>
		<InstallationPath>Features/DialogueBox/DarkerUI</InstallationPath>
		<Description>Forces Darker UI</Description>
		<Priority>1</Priority>
	</SubMod>
	<SubMod>
		<Name>Dialogue Box : Flat</Name>
		<InstallationPath>Features/DialogueBox/FlatUI</InstallationPath>
		<Description>Just a Full Solid colors like the old games</Description>
		<Priority>1</Priority>
	</SubMod>
	<SubMod>
		<Name>Dialogue Box : PR Darker UI</Name>
		<InstallationPath>Features/DialogueBox/PRDarkerUI</InstallationPath>
		<Description>Pixel Remaster Version of Darker UI</Description>
		<Priority>1</Priority>
	</SubMod>
	<SubMod>
		<Name>Menu Bg : Pure Black</Name>
		<InstallationPath>Features/Menubg/menubgblack</InstallationPath>
		<Description>Removes the store pattern in Menu Background</Description>
		<Priority>1</Priority>
	</SubMod>
	<SubMod>
		<Name>Menu Bg : Tantalus</Name>
		<InstallationPath>Features/Menubg/menubgtantalus</InstallationPath>
		<Description>Tantalus Pattern on Menu Background</Description>
		<Priority>2</Priority>
	</SubMod>
	<SubMod>
		<Name>Menu Bg : Chocobo</Name>
		<InstallationPath>Features/Menubg/menubgchocobo</InstallationPath>
		<Description>Chocobo Pattern on Menu Background</Description>
		<Priority>3</Priority>
	</SubMod>
	<SubMod>
		<Name>Title Screen : Alternate </Name>
		<InstallationPath>Features/TitleLogo/TitleLogo1</InstallationPath>
		<Description>Shows an Alternative title screen and Memoria Indicator</Description>
		<Priority>1</Priority>
	</SubMod>
	<SubMod>
		<Name>Title Screen : Recreation </Name>
		<InstallationPath>Features/TitleLogo/TitleLogo2</InstallationPath>
		<Description>Shows a Recreation title screen and Memoria Indicator</Description>
		<Priority>3</Priority>
	</SubMod>
	<SubMod>
		<Name>Title Screen : Old School </Name>
		<InstallationPath>Features/TitleLogo/TitleLogo3</InstallationPath>
		<Description>Shows an old school type of title screen</Description>
		<Priority>2</Priority>
	</SubMod>
	<SubMod>
		<Name>UI : Concept Art Title Loop</Name>
		<InstallationPath>Features/TitleLogo/TitleLoop</InstallationPath>
		<Description>Replace Title Loop Images with Concept Art</Description>
		<Priority>1</Priority>
	</SubMod>
	<SubMod>
		<Name>UI : Alternate World and Mist Continent Map</Name>
		<InstallationPath>Features/Maps</InstallationPath>
		<Description>Alternative Over world Map </Description>
		<Priority>1</Priority>
	</SubMod>
	<SubMod>
		<Name>UI: Triple Triad Mat</Name>
		<InstallationPath>Features/Cards</InstallationPath>
		<Description>Triple triad inspired matt and UI for Game</Description>
		<Priority>1</Priority>
	</SubMod>
	<SubMod>
		<Name>UI: Text Helper </Name>
		<InstallationPath>Features/TextUI</InstallationPath>
		<Description>Adds assistive text on synthesis shops</Description>
		<Priority>1</Priority>
	</SubMod>
	<SubMod>
		<Name>World Map : No/low Mist on Disc 4</Name>
		<InstallationPath>Features/Worlds</InstallationPath>
		<Description>Only activate once you get access to the Invincible (Disc 4)</Description>
		<Priority>1</Priority>
	</SubMod>
	<SubMod>
		<Name>World Map : Better Airship Controls</Name>
		<InstallationPath>Features/Airship</InstallationPath>
		<Description>Faster and Improves Controls of Airships in the world map</Description>
		<Priority>1</Priority>
	</SubMod>
	<SubMod>
		<Name>-------\\   GAMEPLAY TWEAKS    \\---------</Name>
		<InstallationPath>Features/Zecrets</InstallationPath>
		<Description>Click Here to Configure mods</Description>
		<Priority>1</Priority>
	</SubMod>
	<SubMod>
		<Name>Tweak: 1 Gem Support Ability</Name>
		<InstallationPath>Features/Tweaks/Ability</InstallationPath>
		<Description>Enables 1 gem for passive abilities to be
		enabled Now Compatible to Alternate Fantasy</Description>
		<Priority>3</Priority>
	</SubMod>
	<SubMod>
		<Name>Tweak: Halved count support Gem Ability</Name>
		<InstallationPath>Features/Tweaks/AbilityHalf</InstallationPath>
		<Description>Cuts ability gems to half for support abilites </Description>
		<Priority>2</Priority>
	</SubMod>
	<SubMod>
		<Name>Tweak: 2x AP Gain</Name>
		<InstallationPath>Features/Tweaks/AP2x</InstallationPath>
		<Description>Gains 2x AP after battle (Ignores AbilityUp)</Description>
		<Priority>1</Priority>
	</SubMod>
	<SubMod>
		<Name>Tweak: 4x AP Gain</Name>
		<InstallationPath>Features/Tweaks/AP4x</InstallationPath>
		<Description>Gains 4x AP after battle</Description>
		<Priority>2</Priority>
	</SubMod>
	<SubMod>
		<Name>Tweak: 99 AP Gain</Name>
		<InstallationPath>Features/Tweaks/AP99</InstallationPath>
		<Description>Gains 99 AP after battle</Description>
		<Priority>3</Priority>
	</SubMod>
	<SubMod>
		<Name>Tweak: 2x EXP Gain</Name>
		<InstallationPath>Features/Tweaks/EXP2x</InstallationPath>
		<Description>Gains 2x EXP after battle</Description>
		<Priority>1</Priority>
	</SubMod>
	<SubMod>
		<Name>Tweak: 4x EXP Gain</Name>
		<InstallationPath>Features/Tweaks/EXP4x</InstallationPath>
		<Description>Gains 4x EXP after battle</Description>
		<Priority>2</Priority>
	</SubMod>
	<SubMod>
		<Name>Tweak: 8x EXP Gain</Name>
		<InstallationPath>Features/Tweaks/EXP8x</InstallationPath>
		<Description>Gains 8x EXP after battle</Description>
		<Priority>3</Priority>
	</SubMod>
	<SubMod>
		<Name>Tweak: Halved EXP</Name>
		<InstallationPath>Features/Tweaks/ExpHalf</InstallationPath>
		<Description>Cuts the EXP requirement to level up faster</Description>
		<Priority>4</Priority>
	</SubMod>
	<SubMod>
		<Name>Tweak: 2x gil</Name>
		<InstallationPath>Features/Tweaks/2xgil</InstallationPath>
		<Description>Doubles Gil received after battle</Description>
		<Priority>1</Priority>
	</SubMod>
	<SubMod>
		<Name>Tweak: 4x gil</Name>
		<InstallationPath>Features/Tweaks/4xgil</InstallationPath>
		<Description>4x Gil received after battle</Description>
		<Priority>2</Priority>
	</SubMod>
	<SubMod>
		<Name>Tweak: 8x gil</Name>
		<InstallationPath>Features/Tweaks/8xgil</InstallationPath>
		<Description>8x Gil received after battle</Description>
		<Priority>3</Priority>
	</SubMod>
	<SubMod>
		<Name>Tweak: Get 2x of any item drop after battle </Name>
		<InstallationPath>Features/Tweaks/2xitem</InstallationPath>
		<Description>Any item received after battle would be multiplied by 2 ,
		hence if a monster drops 2 potions you get 4  </Description>
		<Priority>1</Priority>
	</SubMod>
	<SubMod>
		<Name>-------\\  Challenge TWEAKS    \\---------</Name>
		<InstallationPath>Features/Zecrets</InstallationPath>
		<Description>Click Here to Configure mods</Description>
		<Priority>1</Priority>
	</SubMod>
	<SubMod>
		<Name>Challenge: No / Zero AP and EXP Gain After Battle</Name>
		<InstallationPath>Features/Tweaks/EXPAP0</InstallationPath>
		<Description>If you like things hard.</Description>
		<Priority>1</Priority>
	</SubMod>
	<SubMod>
		<Name>Challenge: No EXP Gain After Battle BUT GAINS AP</Name>
		<InstallationPath>Features/Tweaks/EXP0</InstallationPath>
		<Description>If you like things hard but still gain MP .</Description>
		<Priority>1</Priority>
	</SubMod>
	<SubMod>
		<Name>Challenge: Doubled EXP Requirement</Name>
		<InstallationPath>Features/Tweaks/ExpX2</InstallationPath>
		<Description>Doubles EXP requirement so you level up slower</Description>
		<Priority>1</Priority>
	</SubMod>
	<SubMod>
		<Name>Challenge: 8x EXP Requirement</Name>
		<InstallationPath>Features/Tweaks/ExpX8</InstallationPath>
		<Description>8 Times EXP requirement so you almost dont level up</Description>
		<Priority>1</Priority>
	</SubMod>
	<SubMod>
		<Name>-------\\ Character Enhancements \\---------</Name>
		<InstallationPath>Features/Zecrets</InstallationPath>
		<Description>Click Here to Configure mods</Description>
		<Priority>1</Priority>
	</SubMod>
	<SubMod>
		<Name>Enhance:[All] Add Resistance to Zombie and Virus   </Name>
		<InstallationPath>Features/Enhance/All</InstallationPath>
		<Description>Auto-life resists Zombie, Anti-body Resists Virus </Description>
		<Priority>1</Priority>
	</SubMod>
	<SubMod>
		<Name>Enhance:[All] Bye Auto-Potion </Name>
		<InstallationPath>Features/Enhance/NoAutoPotion</InstallationPath>
		<Description>Replace Auto-Potion with HP and MP 5% </Description>
		<Priority>1</Priority>
	</SubMod>
	<SubMod>
		<Name>Enhance:[Eiko] The Summoner  </Name>
		<InstallationPath>Features/Enhance/Eiko</InstallationPath>
		<Description>Splits Titan and Fenrir as their won independent summon</Description>
		<Priority>1</Priority>
	</SubMod>
	<SubMod>
		<Name>Enhance:[Freya] The Dragoon   </Name>
		<InstallationPath>Features/Enhance/Freya</InstallationPath>
		<Description>Make Freya's High Jump do 3x damage</Description>
		<Priority>1</Priority>
	</SubMod>
	<SubMod>
		<Name>Enhance:[Quina] The Chef </Name>
		<InstallationPath>Features/Enhance/Quina</InstallationPath>
		<Description>Better Eat at 50% Cook at 100% </Description>
		<Priority>1</Priority>
	</SubMod>
	<SubMod>
		<Name>Enhance:[Steiner] The QueensKnight</Name>
		<InstallationPath>Features/Enhance/Steiner</InstallationPath>
		<Description>Steiner can Equip Save the Queen </Description>
		<Priority>1</Priority>
	</SubMod>
	<SubMod>
		<Name>Enhance:[Vivi] The Warlock   </Name>
		<InstallationPath>Features/Enhance/Vivi</InstallationPath>
		<Description>Vivi and Steiner can Cast Aero,Quake,Water to RA to AGA spells </Description>
		<Priority>1</Priority>
	</SubMod>
	<SubMod>
		<Name>Enhance:[Garnet] The White Mage   </Name>
		<InstallationPath>Features/Enhance/Garnet</InstallationPath>
		<Description>Adds A White Magic Ability to Garnet that causes damage</Description>
		<Priority>1</Priority>
	</SubMod>
	<SubMod>
		<Name>Enhance:[Amaranth] The Genius Nomad </Name>
		<InstallationPath>Features/Enhance/Amaranth</InstallationPath>
		<Description>Amaranth learns the Passive Tensai which makes him Learn and Level UP fast</Description>
		<Priority>1</Priority>
	</SubMod>
	<SubMod>
		<Name>Enhance:[Zidane] The Pillager</Name>
		<InstallationPath>Features/Enhance/Zidane</InstallationPath>
		<Description>Boosts damage of thievery </Description>
		<Priority>1</Priority>
	</SubMod>
	<SubMod>
		<Name>Enhance:[Beatrix] The Paladin </Name>
		<InstallationPath>Features/Enhance/Beatrix</InstallationPath>
		<Description>Add Basic stat Support for Beatrix based of the Beatrix mod  </Description>
		<Priority>1</Priority>
	</SubMod>
</Mod>