<Mod>
	<Name>Airship Speed +</Name>
	<Version>4.0.1</Version>
	<InstallationPath>KupoShip</InstallationPath>
	<ReleaseDate>2024-09-02</ReleaseDate>
	<ReleaseDateOriginal>2023-07-20</ReleaseDateOriginal>
	<Author>faospark</Author>
	<Description>Faster Airship speed, better control and Mist control </Description>
	<PatchNotes>First Split Release</PatchNotes>
	<Category>Gameplay</Category>
	<Website>https://www.nexusmods.com/finalfantasy9/mods/31</Website>
	<DownloadUrl>	https://www.dropbox.com/scl/fi/pbe362q8w5okibrm35lo4/KupoShip.zip?rlkey=zzhoccoaxo40y22xosw9ckiek&amp;dl=1</DownloadUrl>
	<PreviewFile>preview/kupo-ship.png</PreviewFile>
	<PreviewFileUrl>https://staticdelivery.nexusmods.com/mods/1948/images/31/31-1725187811-241192777.png</PreviewFileUrl>
	<MinimumMemoriaVersion>2022.11.11</MinimumMemoriaVersion>
	<SubMod>
		<Name>World Map : No/low Mist on Disc 4</Name>
		<InstallationPath>Features/Worlds</InstallationPath>
		<Description>Only activate once you get access to the Invincible (Disc 4)</Description>
		<Priority>1</Priority>
	</SubMod>
	<SubMod>
		<Name>Airship : Alt Camera Perspective </Name>
		<InstallationPath>Features/Cam</InstallationPath>
		<Description>Alternative perspective</Description>
		<Priority>1</Priority>
	</SubMod>
</Mod>