#! IncludeId
#! IncludeAuxiliaryIds
# This file contains a set of game items.
# -----------------------------------------------
# Id;WeaponId;ArmorId;EffectId;Price;GraphicsId;ColorId;Quality;BonusId;AbilityIds;Weapon;Armlet;Helmet;Armor;Accessory;Item;Gem;Usable;Order;Zidane;Vivi;Garnet;Steiner;Freya;Quina;Eiko;Amarant;Cinna;Marcus;Blank;Beatrix
# Int32;Int32;Int32;Int32;UInt32;UInt8;UInt8;Single;Int32;Ability[];Bit;Bit;Bit;Bit;Bit;Bit;Bit;Bit;Single;Bit;Bit;Bit;Bit;Bit;Bit;Bit;Bit;Bit;Bit;Bit;Bit
# -----------------------------------------------
112;-1;24;-1;150;15;8;51;25;AA:25, AA:10002;0;0;1;0;0;0;0;0;131;1;1;1;0;0;1;1;1;1;1;1;0;# 112 - Leather Hat
114;-1;26;-1;200;15;8;53;27;SA:50, AA:10003, SA:25;0;0;1;0;0;0;0;0;133;1;1;1;0;0;1;1;0;1;1;1;0;# 114 - Feather Hat
175;-1;87;-1;52000;17;8;139;88;AA:10004, SA:30, SA:33;0;0;0;1;0;0;0;0;194;0;1;1;0;0;1;1;0;0;0;0;0;# 175 - Robe of Lords