<Mod>
	<Name>No Exp Plus</Name>
	<Version>4.1.4</Version>
	<Priority>-5</Priority>	
	<InstallationPath>KupoNoEXP</InstallationPath>
	<ReleaseDate>22025-07-20</ReleaseDate>
	<ReleaseDateOriginal>2023-07-20</ReleaseDateOriginal>
	<Author>faospark</Author>
	<Description>If you want some degree of challenge. This mod basically suppresses leveling up in game and more
Features: 
[1] No / Zero AP and EXP Gain After Battle
[2] No EXP Gain After Battle BUT GAINS AP
[3] Doubled EXP Requirement
[4] 8x EXP Requirement
[5] No Status Immunity Support Abilities

This mod was initially introduced as the Exp challenge tweaks within Kupo Mods, previously known as Mog Add-ons.</Description>
	<PatchNotes>Improved compatibility with the mod manager</PatchNotes>
	<Category>Gameplay</Category>
	<Website>https://www.nexusmods.com/finalfantasy9/mods/79</Website>
	<DownloadUrl>https://www.dropbox.com/scl/fi/yc3unvr4l9ra0pu7wzfjf/KupoNoEXP.zip?rlkey=twu5mwcm4aa20c3f76pvemurv&amp;dl=1</DownloadUrl>
	<PreviewFile>preview/kuponoexp.png</PreviewFile>
	<PreviewFileUrl>https://staticdelivery.nexusmods.com/mods/1948/images/79/79-1730465183-1914558067.png</PreviewFileUrl>
	<MinimumMemoriaVersion>2024.05.19</MinimumMemoriaVersion>
	<SubMod>
		<Name>Challenge: No / Zero AP and EXP Gain After Battle</Name>
		<InstallationPath>Features/Tweaks/EXPAP0</InstallationPath>
		<Description>If you like things hard.</Description>
		<Group>g-exp</Group>
	</SubMod>
	<SubMod>
		<Name>Challenge: No EXP Gain After Battle BUT GAINS AP</Name>
		<InstallationPath>Features/Tweaks/EXP0</InstallationPath>
		<Description>If you like things hard but still gain MP .</Description>
		<Group>g-exp</Group>
	</SubMod>
	<SubMod>
		<Name>Challenge: 1.5 EXP Requirement</Name>
		<InstallationPath>Features/Tweaks/ExpX1andhalf</InstallationPath>
		<Description>1.5 EXP requirement for perfect stats mod</Description>
		<Group>g-exp</Group>
	</SubMod>
	<SubMod>
		<Name>Challenge: Doubled EXP Requirement</Name>
		<InstallationPath>Features/Tweaks/ExpX2</InstallationPath>
		<Description>Doubles EXP requirement so you level up slower</Description>
		<Group>g-exp</Group>
	</SubMod>
	<SubMod>
		<Name>Challenge: 8x EXP Requirement</Name>
		<InstallationPath>Features/Tweaks/ExpX8</InstallationPath>
		<Description>8 Times EXP requirement so you almost dont level up</Description>
		<Group>g-exp</Group>
	</SubMod>
	<SubMod>
		<Name>Challenge: NO Status Immunity Support Abilities</Name>
		<InstallationPath>Features/Tweaks/NoSAStatusProt</InstallationPath>
		<Description>Remove Status Immunity Support Abilities</Description>
	</SubMod>
</Mod>