<Mod>
	<Name>Vortex Mod</Name>
	<Version>1.0</Version>
	<InstallationPath>VortexMod</InstallationPath>
	<ReleaseDate>2024-06-23</ReleaseDate>
	<Author>faospark/Tirlititi</Author>
	<Description> A mod that puts an Emphasis on the Wind Element in game. ALlows Vivi and Steiner harness Aero Spells as well Eiko having Fenrir (wind summon) as the defualt attack. 
	</Description>
	<Category>Gameplay</Category>
	<Website>https://next.nexusmods.com/profile/faospark</Website>
	<DownloadUrl>https://www.dropbox.com/scl/fi/gr2dcsk5xxyn3mxnlemo8/Vortex-Mod-FFIX.zip?dl=1</DownloadUrl>
	<PreviewFile>preview/vortex.png</PreviewFile>
	<PreviewFileUrl></PreviewFileUrl>
</Mod>
