<Mod>
	<Name>Exp, AP, Gil, Rewards Tweaks</Name>
	<Version>4.1.3</Version>
	<Priority>-3</Priority>	
	<InstallationPath>KupoTweaks</InstallationPath>
	<ReleaseDate>2025-01-13</ReleaseDate>
	<ReleaseDateOriginal>2022-08-14</ReleaseDateOriginal>
	<Author>faospark</Author>
	<Description>As the name suggests, this mod has several options that can multiply your Exp, AP , Gil and After Battle Rewards. 
Mod Order : On top of any Gameplay Mod.
Originally released as the tweaks component of Kupo Mods Formerly Mog Add-ons</Description>
	<PatchNotes>Added Mod Grouping to ensure one mod can be activated per category</PatchNotes>
	<Category>Gameplay</Category>
	<Website>https://www.nexusmods.com/finalfantasy9/mods/87</Website>
	<DownloadUrl>https://www.dropbox.com/scl/fi/z2df6bk4hps21v53j105w/KupoTweaks.zip?rlkey=wfw287bn1u27gz4najtx1jm9a&amp;dl=1</DownloadUrl>
	<PreviewFile>preview/kupo-exp.png</PreviewFile>
	<PreviewFileUrl>https://staticdelivery.nexusmods.com/mods/1948/images/87/87-1736789460-227248806.png</PreviewFileUrl>
	<MinimumMemoriaVersion>2024.05.19</MinimumMemoriaVersion>
	<Header>Ability Points Modifier</Header>
	<SubMod>
		<Name>2x AP Gain</Name>
		<InstallationPath>Features/Tweaks/AP2x</InstallationPath>
		<Description>Gains 2x AP after battle (Ignores AbilityUp)</Description>
		<Priority>1</Priority>
		<Group>AP</Group>
	</SubMod>
	<SubMod>
		<Name>4x AP Gain</Name>
		<InstallationPath>Features/Tweaks/AP4x</InstallationPath>
		<Description>Gains 4x AP after battle</Description>
		<Priority>1</Priority>
		<Group>AP</Group>
	</SubMod>
	<SubMod>
		<Name>99 AP Gain</Name>
		<InstallationPath>Features/Tweaks/AP99</InstallationPath>
		<Description>Gains 99 AP after battle</Description>
		<Priority>1</Priority>
		<Group>AP</Group>
	</SubMod>
	<Header>Experience Gain Modifier</Header>
	<SubMod>
		<Name>2x EXP Gain</Name>
		<InstallationPath>Features/Tweaks/EXP2x</InstallationPath>
		<Description>Gains 2x EXP after battle</Description>
		<Priority>1</Priority>
		<Group>EXP</Group>
	</SubMod>
	<SubMod>
		<Name>4x EXP Gain</Name>
		<InstallationPath>Features/Tweaks/EXP4x</InstallationPath>
		<Description>Gains 4x EXP after battle</Description>
		<Priority>1</Priority>
		<Group>EXP</Group>
	</SubMod>
	<SubMod>
		<Name>8x EXP Gain</Name>
		<InstallationPath>Features/Tweaks/EXP8x</InstallationPath>
		<Description>Gains 8x EXP after battle</Description>
		<Priority>1</Priority>
		<Group>EXP</Group>
	</SubMod>
	<Header>Earned Gil Modifier</Header>
	<SubMod>
		<Name>2x gil</Name>
		<InstallationPath>Features/Tweaks/2xgil</InstallationPath>
		<Description>Doubles Gil received after battle</Description>
		<Priority>1</Priority>
		<Group>GIL</Group>	
	</SubMod>
	<SubMod>
		<Name>4x gil</Name>
		<InstallationPath>Features/Tweaks/4xgil</InstallationPath>
		<Description>4x Gil received after battle</Description>
		<Priority>1</Priority>
		<Group>GIL</Group>
	</SubMod>
	<SubMod>
		<Name>8x gil</Name>
		<InstallationPath>Features/Tweaks/8xgil</InstallationPath>
		<Description>8x Gil received after battle</Description>
		<Priority>1</Priority>
		<Group>GIL</Group>
	</SubMod>
	<Header>Item Drop Multiplier</Header>
	<SubMod>
		<Name>Get 2x of any item drop after battle </Name>
		<InstallationPath>Features/Tweaks/2xitem</InstallationPath>
		<Description>Any item received after battle would be multiplied by 2 ,
				hence if a monster drops 2 potions you get 4  </Description>
		<Priority>1</Priority>
		<Group>ITEM</Group>
	</SubMod>
	<SubMod>
		<Name>Get 4x of any item drop after battle </Name>
		<InstallationPath>Features/Tweaks/4xitem</InstallationPath>
		<Description>Any item received after battle would be multiplied by 4 ,
				hence if a monster drops 2 potions you get 8  </Description>
		<Priority>1</Priority>
		<Group>ITEM</Group>
	</SubMod>
</Mod>