#! IncludeId
#! IncludeAuxiliaryIds
# This file contains a set of game items.
# -----------------------------------------------
# Id;WeaponId;ArmorId;EffectId;Price;GraphicsId;ColorId;Quality;BonusId;AbilityIds;Weapon;Armlet;Helmet;Armor;Accessory;Item;Gem;Usable;Order;Zidane;Vivi;Garnet;Steiner;Freya;Quina;Eiko;Amarant;Cinna;Marcus;Blank;Beatrix
# Int32;Int32;Int32;Int32;UInt32;UInt8;UInt8;Single;Int32;Ability[];Bit;Bit;Bit;Bit;Bit;Bit;Bit;Bit;Single;Bit;Bit;Bit;Bit;Bit;Bit;Bit;Bit;Bit;Bit;Bit;Bit
# -----------------------------------------------
112;-1;24;-1;150;15;8;51;25;AA:25, AA:10002;0;0;1;0;0;0;0;0;131;1;1;1;0;0;1;1;1;1;1;1;0;# 112 - Leather Hat
114;-1;26;-1;200;15;8;53;27;SA:50, AA:10003, SA:25;0;0;1;0;0;0;0;0;133;1;1;1;0;0;1;1;0;1;1;1;0;# 114 - Feather Hat
175;-1;87;-1;52000;17;8;139;88;AA:10004, SA:30, SA:33;0;0;0;1;0;0;0;0;194;0;1;1;0;0;1;1;0;0;0;0;0;# 175 - Robe of Lords
70;70;-1;-1;320;10;0;1;0;AA:25, AA:10012;1;0;0;0;0;0;0;0;91;0;1;0;0;0;0;0;0;0;0;0;0;# 070 - Mage Staff(Quake)
93;-1;5;-1;1000;13;2;32;6;SA:58, AA:14, AA:10013;0;1;0;0;0;0;0;0;112;0;1;1;0;0;1;1;0;0;0;0;0;# 093 - Magic Armlet (Quakera)
131;-1;43;-1;6100;15;8;75;44;SA:6, SA:26, AA:10014;0;0;1;0;0;0;0;0;150;1;1;1;0;0;1;1;1;1;1;1;0;# 131 - Adaman Hat (Quakaga)
88;-1;0;-1;130;13;3;20;1;SA:46, AA:10022;0;1;0;0;0;0;0;0;107;1;1;1;0;0;1;1;1;1;1;1;0;# 088 - Wrist (Water)
117;-1;29;-1;400;15;8;57;30;AA:32, AA:10023;0;0;1;0;0;0;0;0;136;1;1;1;0;0;1;1;0;1;1;1;0;# 117 - Magus Hat (Watera)
96;-1;8;-1;3000;13;3;29;9;SA:62, SA:16, AA:10024;0;1;0;0;0;0;0;0;115;1;1;1;0;0;1;1;1;1;1;1;0;# 096 - N-Kai Armlet (Waterga)
