<Mod>
	<Name>Portraits Pack</Name>
	<Version>4.2.7</Version>
	<Priority>13</Priority>	
	<InstallationPath>KupoPortraits</InstallationPath>
	<ReleaseDate>2025-06-19</ReleaseDate>
	<ReleaseDateOriginal>2021-10-18</ReleaseDateOriginal>
	<Author>faospark</Author>
	<Description>DFFOO portraits are included here. All presets support released and some planned Playable Character Pack characters. 
Changelog: Mainly updated portraits for compatibility reasons for PCP . 


Mod Order: Place above Playable Character Pack, Beatrix Mod, Tantalus Mod, and Kupo UI Suite.
Part of Kupo Mods formerly Mog Add-ons.
	</Description>
	<PatchNotes>See more on readme.txt</PatchNotes>
	<Category>Visual</Category>
	<Website>https://www.nexusmods.com/finalfantasy9/mods/80</Website>
	<DownloadUrl>https://www.dropbox.com/scl/fi/80dpdv5kn378cw27fay0q/KupoPortraits.zip?rlkey=dnb8htsnmqzoehuibij9tarxd&amp;dl=1</DownloadUrl>
	<PreviewFile>preview/kupo-portraits.png</PreviewFile>
	<PreviewFileUrl>https://staticdelivery.nexusmods.com/mods/1948/images/31/31-1724313903-663823797.png</PreviewFileUrl>
	<MinimumMemoriaVersion>2024.05.19</MinimumMemoriaVersion>
	<Header>Regular Portraits</Header>
	<SubMod>
		<Name>Default Extended Cast</Name>
		<InstallationPath>Features/PortraitDefault</InstallationPath>
		<Description>Default Portraits with extended support</Description>
		<Group>g-port</Group>
		<PreviewFile>preview/ext.jpg</PreviewFile>
	</SubMod>
	<SubMod>
		<Name>Default Pluto Knights / White Mage  </Name>
		<InstallationPath>Features/PortraitDefaultPCP</InstallationPath>
		<Description>For Extra costumes of PCP, must be used with default or PSX like portraits </Description>
		<Priority>2</Priority>
		<Group>g-port-extra</Group>
		<PreviewFile>preview/ext-alt.jpg</PreviewFile>
	</SubMod>
	<Header>DFFOO Portraits</Header>
	<SubMod>
		<Name>Opera Omnia</Name>
		<InstallationPath>Features/PortraitOperaOmnia</InstallationPath>
		<Description>Dissidia Opera Omnia Portraits</Description>
		<Priority>1</Priority>
		<Group>g-port</Group>
		<PreviewFile>preview/dffoo-alt.jpg</PreviewFile>
	</SubMod>
	<SubMod>
		<Name>DFFOO Pluto Knights / White Mage  </Name>
		<InstallationPath>Features/PortraitOperaOmniaPCP</InstallationPath>
		<Description>DFFOO Style for Extra costumes of PCP, must be used with the Opera Omnia portraits </Description>
		<Priority>2</Priority>
		<Group>g-port-extra</Group>
		<PreviewFile>preview/dffoo.jpg</PreviewFile>
	</SubMod>
	<Header>PSX Like Portraits</Header>
	<SubMod>
		<Name>PSX Like</Name>
		<InstallationPath>Features/PortraitPSXLike</InstallationPath>
		<Description>PSX Like Portraits</Description>
		<Group>g-port</Group>
		<PreviewFile>preview/psxlike.jpg</PreviewFile>
	</SubMod>
	<SubMod>
		<Name>PSX Like Pluto Knights / White Mage </Name>
		<InstallationPath>Features/PortraitPSXLikePCP</InstallationPath>
		<Description>PSX Like Portraits</Description>
		<Group>g-port-extra</Group>
		<PreviewFile>preview/psxlike.jpg</PreviewFile>
	</SubMod>	
</Mod>