#! IncludeCastingTitleType
# This file contains character actions.
# -----------------------------------------------
# Comment;id;menuWindow;targets;defaultAlly;forDead;defaultOnDead;defaultCamera;animationId1;animationId2;scriptId;power;elements;rate;category;statusIndex;mp;type;commandTitle
# String;Int32;UInt8;UInt8;Boolean;Boolean;Boolean;Boolean;Int16;UInt16;Int32;Int32;UInt8;Int32;UInt8;Int32;Int32;UInt8;UInt8
# -----------------------------------------------
Lumi;950;None(0);SingleEnemy(0);0;0;0;0;503;10;9;14;64;0;19;0;6;0;255;# Lumi
Lumira;951;None(0);SingleEnemy(0);0;0;0;0;295;10;9;29;64;0;19;0;12;0;255;# Lumira
Luminada;952;None(0);SingleEnemy(0);0;0;0;0;299;10;9;72;64;0;19;0;24;0;255;# Formerly Photon Beam now Luminaga