Auto-Reflect;0;1
Auto-Float;1;1
Auto-Haste;2;1
Auto-Regen;3;1
Auto-Life;4;1
HP+10%;5;1
HP+20%;6;1
MP+10%;7;1
MP+20%;8;1
Accuracy+;9;1
Distract;10;1
Long Reach;11;1
MP Attack;12;1
Bird Killer;13;1
Bug Killer;14;1
Stone Killer;15;1
Undead Killer;16;1
Dragon Killer;17;1
Devil Killer;18;1
Beast Killer;19;1
Man Eater;20;1
High Jump;21;1
Master Thief;22;1
Steal Gil;23;1
Healer;24;1
Add Status;25;1
Gamble Defence;26;1
Chemist;27;1
Power Throw;28;1
Power Up;29;1
Reflect-Null;30;1
Reflectx2;31;1
Mag Elem Null;32;1
Concentrate;33;1
Half MP;34;1
High Tide;35;1
Counter;36;1
Cover;37;1
Protect Girls;38;1
Eye 4 Eye;39;1
Body Temp;40;1
Alert;41;1
Initiative;42;1
Level Up;43;1
Ability Up;44;1
Millionaire;45;1
Flee-Gil;46;1
Guardian Mog;47;1
Insomniac;48;1
Antibody;49;1
Bright Eyes;50;1
Loudmouth;51;1
Restore HP;52;1
Jelly;53;1
Return Magic;54;1
Absorb MP;55;1
Auto-Potion;56;1
Locomotion;57;1
Clear Headed;58;1
Boost;59;1
Odin’s Sword;60;1
Mug;61;1
Bandit;62;1
Void;63;1
