<Mod>
	<Name>Support Ability Cost</Name>
	<Version>4.1.5</Version>
	<Priority>-2</Priority>	
	<InstallationPath>KupoGemSATweak</InstallationPath>
	<ReleaseDate>2025-05-31</ReleaseDate>
	<ReleaseDateOriginal>2022-4-14</ReleaseDateOriginal>
	<Author>faospark / Tirlititi </Author>
	<Description> Allows You to have 1 Gem cost per support ability or Half.
[1] 1 Gem Cost is activate by default 
[2] Half the cost of Support abilities
[3] Double the cost of Support abilities

Changelog : Added compatibility for Playable Character Pack and Playable Tantalus Mod

Mod Order : Position 1 or on top of Any Gameplay mods such as Alternate Fantasy , Playable Character pack. Tantalus Etc 
This was the earliest public release of this type of Mod that modifies the Gem Cost of Support Abilities 
Originally released as part of the tweaks of Kupo Mods formerly Mog Add-ons
	</Description>
	<PatchNotes>Maintenance Release
Corrected website links and preview url	</PatchNotes>
	<Category>Gameplay</Category>
	<Website>https://www.nexusmods.com/finalfantasy9/mods/88</Website>
	<DownloadUrl>https://www.dropbox.com/scl/fi/71w3a8qnfbg5g3lvnl1bd/KupoGemSATweak.zip?rlkey=qnsqgc70ngf3ix9u4f7ut82ob&amp;dl=1</DownloadUrl>
	<PreviewFile>preview/kupo-Gem.png</PreviewFile>
	<PreviewFileUrl>https://staticdelivery.nexusmods.com/mods/1948/images/31/31-1724313895-1564815189.png</PreviewFileUrl>
	<MinimumMemoriaVersion>2024.05.19</MinimumMemoriaVersion>
	<SubMod>
		<Name>Tweak: 1 Gem cost Support Ability</Name>
		<InstallationPath>Features/Tweaks/Ability</InstallationPath>
		<Description>1 Gen Support Ability</Description>
		<Default/>
		<Group>g-ab</Group>
	</SubMod>
	<SubMod>
		<Name>Tweak: Half Cost of Support Abilities</Name>
		<InstallationPath>Features/Tweaks/AbilityHalf</InstallationPath>
		<Description>Cuts ability gems to half for support abilites </Description>
		<Group>g-ab</Group>
	</SubMod>
	<SubMod>
		<Name>Tweak: Double Cost of Support Abilities</Name>
		<InstallationPath>Features/Tweaks/AbilityDbl</InstallationPath>
		<Description>Doubles the gem requirement for support abilites for increased difficulty </Description>
		<Group>g-ab</Group>
	</SubMod>
</Mod>