<Mod>
	<Name>Kupo UI Suite</Name>
	<Version>4.2.2</Version>
	<Priority>6</Priority>
	<InstallationPath>KupoUISuite</InstallationPath>
	<ReleaseDate>2025-07-20</ReleaseDate>
	<ReleaseDateOriginal>2021-08-14</ReleaseDateOriginal>
	<Author>faospark</Author>
	<Description>
The First User Interface Suite for FFIX. This mod allows you to change the ff: Dialogue UI, Menu, Title Screen, Menu Bg , World Map , Title loop , Triple Triad Mat. etc
See More information on the Readme.txt file 
Mod Order : Position one or on top of Any Gameplay mod.
Originally released as part of Kupo Mods formerly Mog-Addons 
	</Description>
	<PatchNotes>A revamp of order mods and new features Please see Readme file on the root folder</PatchNotes>
	<Category>UI</Category>
	<Website>https://www.nexusmods.com/finalfantasy9/mods/31</Website>
	<DownloadUrl>https://www.dropbox.com/scl/fi/bwgd9529j6wx7jhiju419/KupoUISuite.zip?rlkey=z8yybpjg9i5fi9vu3kz33zeiw&amp;dl=1</DownloadUrl>
	<PreviewFile>preview/kupo-ui-pack.png</PreviewFile>
	<PreviewFileUrl>https://staticdelivery.nexusmods.com/mods/1948/images/31/31-1724313891-596422989.png</PreviewFileUrl>
	<MinimumMemoriaVersion>2024.05.19</MinimumMemoriaVersion>
	<Header>General Options</Header>
	<SubMod>
		<Name>Icons: Curative item Icons</Name>
		<InstallationPath>Features/NewIcons</InstallationPath>
		<Description>An reworked set of icons for certain items</Description>
		<PreviewFile>preview/i1.png</PreviewFile>
		<Default/>
	</SubMod>
	<SubMod>
		<Name>Icons: Gems [!New]</Name>
		<InstallationPath>Features/GemIcons</InstallationPath>
		<Description>Adds Icon variance to Gems the the game</Description>
		<PreviewFile>preview/i4.png</PreviewFile>
		<Default/>
	</SubMod>
	<SubMod>
		<Name>Icons: Extended Elemental Icons</Name>
		<InstallationPath>Features/NewElementIcons</InstallationPath>
		<Description>A Set of Elemental Icons that modders can use in game</Description>
		<PreviewFile>preview/i2.png</PreviewFile>
		<Default/>
	</SubMod>
	<SubMod>
		<Name>Icons: Key Items [!New]</Name>
		<InstallationPath>Features/NewKeyItemIcons</InstallationPath>
		<Description>Iconography for Key Items (For English Language For now)</Description>
		<PreviewFile>preview/i5.png</PreviewFile>
		<Default/>
	</SubMod>
	<SubMod>
		<Name>SquareSoft Logo [!New]</Name>
		<InstallationPath>Features/Squaresoft</InstallationPath>
		<Description>Restores SquareSoft's OG Logo, wont see this if you have skip logos on </Description>
		<PreviewFile>preview/sq.png</PreviewFile>
		<Default/>
	</SubMod>
	<SubMod>
		<Name>Omnia Naming Window [!New]</Name>
		<InstallationPath>Features/NamingWindow</InstallationPath>
		<Description>Opera Omnia Style Naming window</Description>
		<Default/>
	</SubMod>
	<SubMod>
		<Name>Cards: Triple Triad Mat</Name>
		<InstallationPath>Features/Cards</InstallationPath>
		<Description>Triple triad inspired mat and UI for the Game, This automatically sets the game to be in triple triad mode </Description>
		<PreviewFile>preview/tm.png</PreviewFile>
		<Default/>
	</SubMod>
	<SubMod>
		<Name>Alternate Colored Maps</Name>
		<InstallationPath>Features/Maps</InstallationPath>
		<Description>Alternative Over world Map. Based of the work of Snouz </Description>
		<PreviewFile>preview/map1.png</PreviewFile>
		<Default/>
	</SubMod>
	<SubMod>
		<Name>UI Sound: Alt Cursor Sound  </Name>
		<InstallationPath>Features/CursorSound</InstallationPath>
		<Description>What i think is a better cursor sound</Description>
		<Default/>
	</SubMod>
	<SubMod>
		<Name>Key Item Background</Name>
		<InstallationPath>Features/KeyItem</InstallationPath>
		<Description>A custom Key Item background when reading description.</Description>
		<PreviewFile>preview/tk.png</PreviewFile>
		<Default/>
	</SubMod>
	<SubMod>
		<Name>Concept Art Title Loop</Name>
		<InstallationPath>Features/TitleLogo/TitleLoop</InstallationPath>
		<Description>Replace Title Loop Images with Concept Art</Description>
		<PreviewFile>preview/titleloop.png</PreviewFile>
	</SubMod>
	<Header>Speech Bubbles [!New]</Header>
	<SubMod>
		<Name>Modern Speech Bubbles </Name>
		<InstallationPath>Features/SpeechBubbles/ModernSpeech</InstallationPath>
		<Description>Textures are from the mobile version </Description>
		<Priority>15</Priority>
		<Group>g-speech</Group>
		<PreviewFile>preview/sq.png</PreviewFile>
	</SubMod>
	<SubMod>
		<Name>Ivalice like Speech Bubbles </Name>
		<InstallationPath>Features/SpeechBubbles/IvaliceTypeSpeech</InstallationPath>
		<Description>Textures are from the mobile version </Description>
		<Priority>15</Priority>
		<Group>g-speech</Group>
		<PreviewFile>preview/sq.png</PreviewFile>
	</SubMod>
	<SubMod>
		<Name>Blue and Black Speech Bubbles </Name>
		<InstallationPath>Features/SpeechBubbles/BlackBlueSpeech</InstallationPath>
		<Description>Textures are from the mobile version </Description>
		<Priority>15</Priority>
		<Group>g-speech</Group>
		<PreviewFile>preview/sq.png</PreviewFile>
	</SubMod>
	<Header>Title Screen</Header>
	<SubMod>
		<Name>Recreation</Name>
		<InstallationPath>Features/TitleLogo/TitleLogo2</InstallationPath>
		<Description>Shows a much detailed Recreation of title screen</Description>
		<Default/>
		<Group>g-title</Group>
		<PreviewFile>preview/t2.png</PreviewFile>
	</SubMod>
	<SubMod>
		<Name>Alternate</Name>
		<InstallationPath>Features/TitleLogo/TitleLogo1</InstallationPath>
		<Description>Shows an Alternative title screen and Memoria Indicator</Description>
		<Group>g-title</Group>
		<PreviewFile>preview/t4.png</PreviewFile>
	</SubMod>
	<SubMod>
		<Name>Old School</Name>
		<InstallationPath>Features/TitleLogo/TitleLogo3</InstallationPath>
		<Description>Shows an old school type of title screen</Description>
		<Group>g-title</Group>
		<PreviewFile>preview/t3.png</PreviewFile>
	</SubMod>
	<SubMod>
		<Name>Origins</Name>
		<InstallationPath>Features/TitleLogo/TitleLogo4</InstallationPath>
		<Description>Original concept of the logo </Description>
		<Group>g-title</Group>
		<PreviewFile>preview/t1.png</PreviewFile>
	</SubMod>
	<SubMod>
		<Name>Origins White</Name>
		<InstallationPath>Features/TitleLogo/TitleLogo5</InstallationPath>
		<Description>Original concept of the logo white version </Description>
		<Group>g-title</Group>
		<PreviewFile>preview/t1.png</PreviewFile>
	</SubMod>
	<SubMod>
		<Name>Default</Name>
		<InstallationPath>Features/TitleLogo/</InstallationPath>
		<Description>Original concept of the logo </Description>
		<Group>g-title</Group>
	</SubMod>
	<Header>UI Themes</Header>
	<SubMod>
		<Name>Darker UI</Name>
		<InstallationPath>Features/DialogueBox/DarkerUI</InstallationPath>
		<Description>Forces Darker UI</Description>
		<Default/>
		<Group>g-ui-theme</Group>
		<PreviewFile>preview/d1.png</PreviewFile>
	</SubMod>
	<SubMod>
		<Name>Modern I</Name>
		<InstallationPath>Features/DialogueBox/Modern</InstallationPath>
		<Description>Recommended to use with Dynamic Backgrounds</Description>
		<Group>g-ui-theme</Group>
		<PreviewFile>preview/d2.png</PreviewFile>
	</SubMod>
	<SubMod>
		<Name>Modern II </Name>
		<InstallationPath>Features/DialogueBox/ModernII</InstallationPath>
		<Description>A variant of the above but with Transparent borders</Description>
		<Group>g-ui-theme</Group>
		<PreviewFile>preview/d6.png</PreviewFile>
	</SubMod>
	<!-- <SubMod> -->
	<!-- For Future Release -->
		<!-- <Name>Ivalice </Name> -->
		<!-- <InstallationPath>Features/DialogueBox/Ivalice</InstallationPath> -->
		<!-- <Description>Ivalician Theme </Description> -->
		<!-- <Priority>35</Priority> -->
		<!-- <Group>g-ui-theme</Group> -->
		<!-- <PreviewFile>preview/d6.png</PreviewFile> -->
	<!-- </SubMod> -->
	<SubMod>
		<Name>Flat</Name>
		<InstallationPath>Features/DialogueBox/FlatUI</InstallationPath>
		<Description>Just Full Solid colors like the old games</Description>
		<Group>g-ui-theme</Group>
		<PreviewFile>preview/d3.png</PreviewFile>
	</SubMod>
	<SubMod>
		<Name>Pixel Frame</Name>
		<InstallationPath>Features/DialogueBox/PRFrame</InstallationPath>
		<Description>Pixel Remaster Frame</Description>
		<Group>g-ui-theme</Group>
		<PreviewFile>preview/d4.png</PreviewFile>
	</SubMod>
	<SubMod>
		<Name>Scroll</Name>
		<InstallationPath>Features/DialogueBox/Scroll</InstallationPath>
		<Description>So Ugly... you'll Love it </Description>
		<Group>g-ui-theme</Group>
		<PreviewFile>preview/d5.png</PreviewFile>
	</SubMod>
	<SubMod>
		<Name>Default</Name>
		<InstallationPath>Features/DialogueBox/</InstallationPath>
		<Description>Default</Description>
		<Group>g-ui-theme</Group>
	</SubMod>
	<Header>Tiled Menu Backgrounds</Header>
	<SubMod>
		<Name>Stone</Name>
		<InstallationPath>Features/Menubg/menubgstone</InstallationPath>
		<Description>Stone Pattern on Menu Background</Description>
		<Group>g-menu-bg</Group>
		<PreviewFile>preview/b4.png</PreviewFile>
	</SubMod>
	<SubMod>
		<Name>Pure Black</Name>
		<InstallationPath>Features/Menubg/menubgblack</InstallationPath>
		<Description>Removes the store pattern in Menu Background</Description>
		<Group>g-menu-bg</Group>
		<PreviewFile>preview/b1.png</PreviewFile>
	</SubMod>
	<SubMod>
		<Name>Tantalus</Name>
		<InstallationPath>Features/Menubg/menubgtantalus</InstallationPath>
		<Description>Tantalus Pattern on Menu Background</Description>
		<Group>g-menu-bg</Group>
		<PreviewFile>preview/b3.png</PreviewFile>
	</SubMod>
	<SubMod>
		<Name>Chocobo</Name>
		<InstallationPath>Features/Menubg/menubgchocobo</InstallationPath>
		<Description>Chocobo Pattern on Menu Background</Description>
		<Group>g-menu-bg</Group>
		<PreviewFile>preview/b2.png</PreviewFile>
	</SubMod>
	<Header>Text Options [!New]</Header>
	<SubMod>
		<Name>Stylized Speaker Name</Name>
		<InstallationPath>Features/TextOptions/StyledSpeakerName</InstallationPath>
		<Description>add stylistic choices on speaker on dialogue</Description>
		<PreviewFile>preview/f1.png</PreviewFile>
		<Priority>1</Priority>
	</SubMod>
	<SubMod>
		<Name>Dialogue Flat Text</Name>
		<InstallationPath>Features/TextOptions/FlatText</InstallationPath>
		<Description>Removes Text Shadow on most text in the game Dialogue</Description>
		<PreviewFile>preview/f1.png</PreviewFile>
		<Priority>2</Priority>
	</SubMod>
	<SubMod>
		<Name>Bold Text</Name>
		<InstallationPath>Features/TextOptions/BoldText</InstallationPath>
		<Description>Bolden the text in game, Font use must Support Font weights</Description>
		<PreviewFile>preview/f1.png</PreviewFile>
		<Priority>3</Priority>
	</SubMod>
	<Header>Full Menu Backgrounds [!New]</Header>
	<SubMod>
		<Name>FBG - Crash Site Forest </Name>
		<InstallationPath>Features/Menubg/menu-1</InstallationPath>
		<Description>A save point in the forest</Description>
		<Group>g-menu-bg</Group>
		<Priority>10</Priority>
		<PreviewFile>preview/f1.png</PreviewFile>
	</SubMod>
	<SubMod>
		<Name>FBG - Peaceful Valley</Name>
		<InstallationPath>Features/Menubg/menu-2</InstallationPath>
		<Description>A Green Scenery</Description>
		<Group>g-menu-bg</Group>
		<PreviewFile>preview/f2.png</PreviewFile>
	</SubMod>
	<SubMod>
		<Name>FBG - Village Night Sky</Name>
		<InstallationPath>Features/Menubg/menu-3</InstallationPath>
		<Description>Black Mage Village</Description>
		<Group>g-menu-bg</Group>
		<PreviewFile>preview/f3.png</PreviewFile>
	</SubMod>
	<SubMod>
		<Name>FBG - Armory</Name>
		<InstallationPath>Features/Menubg/menu-4</InstallationPath>
		<Description>A room of Gear and Weapons</Description>
		<Group>g-menu-bg</Group>
		<PreviewFile>preview/f4.png</PreviewFile>
	</SubMod>
	<SubMod>
		<Name>FBG - Apothecary</Name>
		<InstallationPath>Features/Menubg/menu-5</InstallationPath>
		<Description>A workshop room</Description>
		<Group>g-menu-bg</Group>
		<PreviewFile>preview/f5.png</PreviewFile>
	</SubMod>
	<SubMod>
		<Name>FBG - Crystal</Name>
		<InstallationPath>Features/Menubg/menu-6</InstallationPath>
		<Description>A view of one of Terra's Crystal</Description>
		<Group>g-menu-bg</Group>
		<PreviewFile>preview/f6.png</PreviewFile>
	</SubMod>
	<SubMod>
		<Name>FBG - Secret Room</Name>
		<InstallationPath>Features/Menubg/menu-7</InstallationPath>
		<Description>Likely the concept for the observatory in Lindblum</Description>
		<Group>g-menu-bg</Group>
		<PreviewFile>preview/f7.png</PreviewFile>
	</SubMod>
	<SubMod>
		<Name>FBG - Dynamic</Name>
		<InstallationPath>Features/Menubg/menubgdynamic</InstallationPath>
		<Description>Dynamically changes depending on the window </Description>
		<PreviewFile>preview/fd.png</PreviewFile>
		<Group>g-menu-bg</Group>
		<Priority>5</Priority>
	</SubMod>
	<Header>UI Overrides</Header>
	<SubMod>
		<Name>UI Option: Borderless</Name>
		<InstallationPath>Features/frames/borderless</InstallationPath>
		<Description>Remove white Border mostly for testing purposes </Description>
		<Priority>4</Priority>
	</SubMod>
	<SubMod>
		<Name>UI Option: No Divider</Name>
		<InstallationPath>Features/frames/divideless</InstallationPath>
		<Description>removes dividers in menu, recommended to be on. </Description>
		<Priority>4</Priority>
	</SubMod>
	<SubMod>
		<Name>UI Option: No battle Divider</Name>
		<InstallationPath>Features/frames/dividelessbat</InstallationPath>
		<Description>removes dividers in battles only </Description>
		<Priority>4</Priority>
	</SubMod>
	<SubMod>
		<Name>UI Option: No Highlight</Name>
		<InstallationPath>Features/frames/highlightless</InstallationPath>
		<Description>Removes dividers in menu</Description>
		<Priority>4</Priority>
	</SubMod>
</Mod>
