# This file contains a number of gems which are required for the activation of passive abilities.
# You must set at least 64 different items.
# -----------------------------------------------
# Comment;Id;Gems;BoostedVersion(s)
# ;Int32;UInt8;Int32[]
# -----------------------------------------------
Auto-Reflect;0;32;
Auto-Float;1;12;
Auto-Haste;2;20;
Auto-Regen;3;20;
Auto-Life;4;24;
HP+10%;5;8;
HP+20%;6;16;
MP+10%;7;8;
MP+20%;8;16;
Accuracy+;9;4;
Distract;10;12;
Long Reach;11;32;
MP Attack;12;12;
Bird Killer;13;8;
Bug Killer;14;4;
Stone Killer;15;8;
Undead Killer;16;4;
Dragon Killer;17;8;
Devil Killer;18;4;
Beast Killer;19;8;
Man Eater;20;4;
High Jump;21;8;
Master Thief;22;12;
Steal Gil;23;12;
Healer;24;4;
Add Status;25;8;
Gamble Defence;26;4;
Chemist;27;8;
Power Throw;28;40;
Power Up;29;8;
Reflect-Null;30;16;
Reflectx2;31;36;
Mag Elem Null;32;28;
Concentrate;33;20;
Half MP;34;24;
High Tide;35;16;
Counter;36;16;
Cover;37;12;
Protect Girls;38;8;
Eye 4 Eye;39;12;
Body Temp;40;8;
Alert;41;8;
Initiative;42;12;
Level Up;43;16;
Ability Up;44;8;
Millionaire;45;12;
Flee-Gil;46;8;
Guardian Mog;47;8;
Insomniac;48;12;
Antibody;49;8;
Bright Eyes;50;8;
Loudmouth;51;8;
Restore HP;52;16;
Jelly;53;8;
Return Magic;54;20;
Absorb MP;55;12;
Auto-Potion;56;8;
Locomotion;57;8;
Clear Headed;58;12;
Boost;59;24;
Odin�s Sword;60;12;
Mug;61;8;
Bandit;62;12;
Auto-Protect;10002;28;
Auto-Shell;10003;28;
Cheat Fate;10004;8;
Fidget;10005;4;
Adversity;10000;4;
Dragoon Team;10001;20;
Catalysis;10006;20;
Pyrotechnics;10007;8;
Chemistry;10008;20;
Utsusemi;10009;12;
Power Volley;10010;4;
Cinna's Hammer;706;10;