#! IncludeCastingTitleType
# This file contains character actions.
# -----------------------------------------------
# Comment;id;menuWindow;targets;defaultAlly;forDead;defaultOnDead;defaultCamera;animationId1;animationId2;scriptId;power;elements;rate;category;statusIndex;mp;type;commandTitle
# String;Int32;UInt8;UInt8;Boolean;Boolean;Boolean;Boolean;Int16;UInt16;Int32;Int32;UInt8;Int32;UInt8;Int32;Int32;UInt8;UInt8
# -----------------------------------------------
Aero;10002;None(0);SingleEnemy(0);0;0;0;0;180;10;9;18;32;0;19;0;6;0;255;# Aero
Aera;10003;None(0);SingleEnemy(0);0;0;0;0;502;10;9;34;32;0;19;0;12;0;255;# Aera
Aeraga;10004;None(0);SingleEnemy(0);0;0;0;0;173;10;9;80;32;0;19;0;24;0;255;# Aeraga
Aero Sword;10050;None(0);SingleEnemy(2);0;0;0;0;10050;10;63;5;32;0;2;0;6;0;254;# Aero Sword
Aera Sword;10052;None(0);SingleEnemy(2);0;0;0;0;10052;10;63;10;32;0;2;0;12;0;254;# Aera Sword
Aeraga Sword;10054;None(0);SingleEnemy(2);0;0;0;0;10054;10;63;30;32;0;2;0;30;0;254;# Aeraga Sword
