<Mod>
    <Name>"Name of Language" Translation</Name>
    <Author>Name of author</Author>
    <InstallationPath>LanguageTranslation</InstallationPath>
    <Category>Translation</Category>
    <Description>"Name of Language" Translation information</Description>
    <ReleaseDate>YYYY-MM-DD</ReleaseDate>
	<ReleaseDateOriginal>YYYY-MM-DD</ReleaseDateOriginal>
    <PatchNotes>First Release</PatchNotes>
  	<!-- <Website>Provide a Url </Website> -->
	<!-- <DownloadUrl>Provide a Url [must be a static one]</DownloadUrl> -->
	<!-- <PreviewFile>Provide a Url</PreviewFile> -->
	<!-- <PreviewFileUrl>Provide a Url</PreviewFileUrl> -->
	<MinimumMemoriaVersion>2022.11.11</MinimumMemoriaVersion>
</Mod>