<Mod>
	<Name>Kupo Heroes Pack</Name>
	<Version>4.2</Version>
	<Priority>-13</Priority>
	<InstallationPath>KupoHeroPack</InstallationPath>
	<ReleaseDate>2025-06-30</ReleaseDate>
	<ReleaseDateOriginal>2024-05-10</ReleaseDateOriginal>
	<Author>faospark</Author>
	<Description>
A set of character enhancements that empower your party and reduce grinding. Ideal for players seeking a fresh character experience without significantly altering the core game.

See the readme.txt for more details.

Mod Order:
- Place above the Beatrix (Compatible), Tantalus (Compatible), Alternate Fantasy (Compatible), and Playable Character Pack (Compatible) mods.
- Must be placed below FernySupportTweaks (Compatible).

Part of Kupo Mods, formerly Mog Add-ons.
	</Description>
	<PatchNotes>- Expanded Photons: Now known as the Lumi spells for Garnet (Holy single-target spells).
- Enhanced Quina's abilities in Alternate Fantasy: Eat now works at 90% enemy HP; Cook is not included in AF.
- Fixed Save the Queen abilities for Alternate Fantasy compatibility.
- Added status effects for Wind (Confusion) and Earth (Trouble) spells in Alternate Fantasy.
- Corrected Italian translation for Vivi's spells.
- Special: Visit Daguerreo and speak to the character name changer for new features (note: not all users utilize Kupo modern labels). 
	</PatchNotes>
	<Category>Gameplay</Category>
	<IncompatibleWith>Trance Seek</IncompatibleWith>
	<Website>https://www.nexusmods.com/finalfantasy9/mods/78</Website>
	<DownloadUrl>https://www.dropbox.com/scl/fi/4v6b8ijknci17on89ow01/KupoHeroPack.zip?rlkey=xsdn7vf32f41eregepx2fu118&amp;dl=1</DownloadUrl>
	<PreviewFile>preview/kupo-hero.png</PreviewFile>
	<PreviewFileUrl>https://staticdelivery.nexusmods.com/mods/1948/images/80/80-1730472843-2082770053.png</PreviewFileUrl>
	<MinimumMemoriaVersion>2025.05.12</MinimumMemoriaVersion>
	<Header>General</Header>
	<SubMod>
		<Name>Add Resistance to Zombie and Virus </Name>
		<InstallationPath>Features/All</InstallationPath>
		<Description>Auto-life resists Zombie, Anti-body Resists Virus </Description>
		<Default/>
	</SubMod>
	<SubMod>
		<Name>Bye Auto-Potion </Name>
		<InstallationPath>Features/NoAutoPotion</InstallationPath>
		<Description>Replace Auto-Potion with HP and MP 5% </Description>
	</SubMod>
	<SubMod>
		<Name>Phoenix Pinion usable</Name>
		<InstallationPath>Features/Sitem</InstallationPath>
		<Description>Phoenix Pinion Usable outside battle </Description>
	</SubMod>
	<SubMod>
		<Name>Mirrored Daggers</Name>
		<InstallationPath>Features/ZidaneWep</InstallationPath>
		<Description>Have Zidane Equip identical daggers (For Aesthetics)</Description>
		<Default/>
	</SubMod>
	<Header>Transportation</Header>
	<SubMod>
		<Name>Faster travel </Name>
		<InstallationPath>Features/Transpo</InstallationPath>
		<Description>Faster Travel using Airship and Chocobo</Description>
	</SubMod>
	<SubMod>
		<Name>Hilda Garde Music on Disc 4 </Name>
		<InstallationPath>Features/WorldSound/Disk3</InstallationPath>
		<Description>Change Disk 4 Airship Music to Disc 3</Description>
		<Group>g-wm</Group>
	</SubMod>
	<SubMod>
		<Name>Blue Narciss Music on Disc 4 </Name>
		<InstallationPath>Features/WorldSound/Disk2</InstallationPath>
		<Description>Change Disk 4 Ship Music to Disc 2</Description>
		<Group>g-wm</Group>
	</SubMod>
	<Header>Character Tweaks</Header>
	<SubMod>
		<Name>[Eiko] The Summoner  </Name>
		<InstallationPath>Features/Eiko</InstallationPath>
		<Description>Splits Titan and Fenrir as their own independent summon</Description>
		<Group>g-eiko</Group>
	</SubMod>
	<SubMod>
		<Name>[Freya] The Dragoon  </Name>
		<InstallationPath>Features/Freya</InstallationPath>
		<Description>Make Freya's High Jump do 3x damage, Early Access to High Jump and Taharka drops Kain Lance </Description>
		<Group>g-freya</Group>
	</SubMod>
	<SubMod>
		<Name>[Quina] The Chef </Name>
		<InstallationPath>Features/Quina</InstallationPath>
		<Description>Better Eat at 50% Cook at 100% </Description>
		<Group>g-quina</Group>
	</SubMod>
	<SubMod>
		<Name>[Steiner] The Queens Knight</Name>
		<InstallationPath>Features/Steiner</InstallationPath>
		<Description>Steiner can Equip Save the Queen, has access to all Vivi's additional spell </Description>
		<Group>g-steiner</Group>
	</SubMod>
	<SubMod>
		<Name>[Vivi] The Warlock</Name>
		<InstallationPath>Features/Vivi</InstallationPath>
		<Description>Vivi and Steiner can Cast Aero,Quake,Water to RA to AGA spells </Description>
		<Group>g-vivi</Group>
	</SubMod>
	<SubMod>
		<Name>[Garnet] The White Mage</Name>
		<InstallationPath>Features/Garnet</InstallationPath>
		<Description>Adds A White Magic Ability to Garnet that causes damage</Description>
		<Group>g-garnet</Group>
	</SubMod>
	<SubMod>
		<Name>[Amaranth] The Genius Nomad </Name>
		<InstallationPath>Features/Amaranth</InstallationPath>
		<Description>Amaranth learns the Passive Tensai which makes him Learn and Level UP fast</Description>
		<Group>g-amaranth</Group>
	</SubMod>
	<SubMod>
		<Name>[Zidane] The Pillager</Name>
		<InstallationPath>Features/Zidane</InstallationPath>
		<Description>Boosts damage of thievery, Doubles items received after battle</Description>
		<Group>g-zidane</Group>
	</SubMod>
	<SubMod>
		<Name>[Beatrix] The Paladin </Name>
		<InstallationPath>Features/Beatrix</InstallationPath>
		<Description>Add Basic stat Support for Beatrix based of the Beatrix mod  </Description>
		<Group>g-beatrix</Group>
	</SubMod>
	<Header>Compatibility for Alternate Fantasy</Header>
	<SubMod>
		<Name>[Eiko-AF] The Summoner</Name>
		<InstallationPath>Features/Eiko-AF</InstallationPath>
		<Description>Splits Titan and Fenrir as their own independent summon</Description>
		<Group>g-eiko</Group>
	</SubMod>
	<SubMod>
		<Name>[Freya-AF] The Dragoon  </Name>
		<InstallationPath>Features/Freya-AF</InstallationPath>
		<Description>Make Freya's High Jump do 3x damage, Early Access to High Jump and Taharka drops Kain Lance </Description>
		<Group>g-freya</Group>
	</SubMod>
	<SubMod>
		<Name>[Quina-AF] The Chef</Name>
		<InstallationPath>Features/Quina-AF</InstallationPath>
		<Description>Easy Eat with all Forks. WARNING simply cant be identical as the Vanilla Version</Description>
		<Group>g-quina</Group>
	</SubMod>
	<SubMod>
		<Name>[Steiner-AF] The Queens Knight</Name>
		<InstallationPath>Features/Steiner-AF</InstallationPath>
		<Description>Steiner can Equip Save the Queen, has access to all Vivi's additional spell </Description>
		<Group>g-steiner</Group>
	</SubMod>
	<SubMod>
		<Name>[Vivi-AF] The Warlock</Name>
		<InstallationPath>Features/Vivi-AF</InstallationPath>
		<Description>Vivi and Steiner can Cast Aero, Quake, Water to RA to AGA spells </Description>
		<Group>g-vivi</Group>
	</SubMod>
	<SubMod>
		<Name>[Garnet-AF] The White Mage</Name>
		<InstallationPath>Features/Garnet-AF</InstallationPath>
		<Description>Adds A White Magic Ability to Garnet that causes damage</Description>
		<Group>g-garnet</Group>
	</SubMod>
	<SubMod>
		<Name>[Amaranth-AF] The Genius Nomad</Name>
		<InstallationPath>Features/Amaranth-AF</InstallationPath>
		<Description>Amaranth learns the Passive Tensai which makes him Learn and Level UP fast</Description>
		<Group>g-amaranth</Group>
	</SubMod>
	<SubMod>
		<Name>[Zidane-AF] The Pillager</Name>
		<InstallationPath>Features/Zidane-AF</InstallationPath>
		<Description>Boosts damage of thievery, Doubles items received after battle</Description>
		<Group>g-zidane</Group>
	</SubMod>
	<SubMod>
		<Name>[Beatrix-AF] The Paladin </Name>
		<InstallationPath>Features/Beatrix-AF</InstallationPath>
		<Description>Add Basic stat Support for Beatrix based of the Beatrix mod  </Description>
		<Group>g-beatrix</Group>
	</SubMod>
</Mod>