<Mod>
    <Name>Kupo Items Plus</Name>
    <Version>1.0.0</Version>
    <Author>faospark</Author>
    <InstallationPath>KupoItems</InstallationPath>
	<ReleaseDate>2024-08-28</ReleaseDate>
	<ReleaseDateOriginal>2021-08-14</ReleaseDateOriginal>
	<Description>A tiny mod that introduces plethora of items In Game 
Mod Order : Position one or on top of Any Gameplay mod .
Recommendations:
Best used with any other kupo mods 
Powered by : the Memoria Engine 
	</Description>
	<PatchNotes>First Release</PatchNotes>
	<Category>Various</Category>
	<Website>https://www.nexusmods.com/finalfantasy9/mods/31</Website>
	<DownloadUrl>https://www.dropbox.com/scl/fi/85ayukzp06jes78yjnr5c/KupoItems.zip?rlkey=tnhba4ic6mm597qwramxvd7ri&amp;st=vbh1982s&amp;dl=1</DownloadUrl>
	<PreviewFile>preview/kupo-ui-pack.png</PreviewFile>
	<PreviewFileUrl>https://staticdelivery.nexusmods.com/mods/1948/images/31/31-1724313891-596422989.png</PreviewFileUrl>
	<MinimumMemoriaVersion>2022.11.11</MinimumMemoriaVersion>
</Mod>