#! IncludeCastingTitleType
# This file contains character actions.
# -----------------------------------------------
# Comment;id;menuWindow;targets;defaultAlly;forDead;defaultOnDead;defaultCamera;animationId1;animationId2;scriptId;power;elements;rate;category;statusIndex;mp;type;commandTitle
# String;Int32;UInt8;UInt8;Boolean;Boolean;Boolean;Boolean;Int16;UInt16;Int32;Int32;UInt8;Int32;UInt8;Int32;Int32;UInt8;UInt8
# -----------------------------------------------
Titan;66;None(0);AllEnemy(8);0;0;0;0;210;508;85;42;8;0;22;0;30;0;194;# Titan
Fenrir;67;None(0);AllEnemy(8);0;0;0;0;226;509;85;44;32;0;22;0;30;0;193;# Fenrir