#! IncludeId
#! IncludeAuxiliaryIds
#! IncludeSellingPrice
# This file contains a set of game items.
# 256;256;-1;-1;2;4;0;11.1;256;AA:6, AA:152, AA:24;1;0;0;0;0;0;0;0;47.1;0;0;0;1;0;0;0;0;0;0;0;1;# 256 - Save the Queen
# -----------------------------------------------
# Id;WeaponId;ArmorId;EffectId;Price;SellingPrice;GraphicsId;ColorId;Quality;BonusId;AbilityIds;Weapon;Armlet;Helmet;Armor;Accessory;Item;Gem;Usable;Order;Zidane;Vivi;Garnet;Steiner;Freya;Quina;Eiko;Amarant;Cinna;Marcus;Blank;Beatrix
# Id;WeaponId;ArmorId;EffectId;Price;GraphicsId;ColorId;Quality;BonusId;AbilityIds;Weapon;Armlet;Helmet;Armor;Accessory;Item;Gem;Usable;Order;Zidane;Vivi;Garnet;Steiner;Freya;Quina;Eiko;Amarant;Cinna;Marcus;Blank;Beatrix
# Int32;Int32;Int32;Int32;UInt32;Int32;UInt8;UInt8;Single;Int32;Ability[];Bit;Bit;Bit;Bit;Bit;Bit;Bit;Bit;Single;Bit;Bit;Bit;Bit;Bit;Bit;Bit;Bit;Bit;Bit;Bit;Bit
# -----------------------------------------------
# 26;26;-1;-1;2;1;4;0;11;152;AA:6, AA:151, AA:24;1;0;0;0;0;0;0;0;47;0;0;0;0;0;0;0;0;0;0;0;1;# 26 - Save the Queen
