#! IncludeId
#! IncludeAuxiliaryIds
# This file contains a set of game items.
# -----------------------------------------------
# Id;WeaponId;ArmorId;EffectId;Price;GraphicsId;ColorId;Quality;BonusId;AbilityIds;Weapon;Armlet;Helmet;Armor;Accessory;Item;Gem;Usable;Order;Zidane;Vivi;Garnet;Steiner;Freya;Quina;Eiko;Amarant;Cinna;Marcus;Blank;Beatrix
# Int32;Int32;Int32;Int32;UInt32;UInt8;UInt8;Single;Int32;Ability[];Bit;Bit;Bit;Bit;Bit;Bit;Bit;Bit;Single;Bit;Bit;Bit;Bit;Bit;Bit;Bit;Bit;Bit;Bit;Bit;Bit
# -----------------------------------------------
31;31;-1;-1;880;5;0;1;0;SA:17, SA:21;1;0;0;0;0;0;0;0;52;0;0;0;0;1;0;0;0;0;0;0;0;# 031 - Javelin
32;32;-1;-1;1100;5;0;2;0;SA:21, AA:118;1;0;0;0;0;0;0;0;53;0;0;0;0;1;0;0;0;0;0;0;0;# 032 - Mythril Spear
