# This file contains a set of learnable Beatrix's first set of abilities.
# You must set 48 different items.
# Use 0 for a void ability, 1-191 for active abilities and 192-254 (id + 192) for passive abilities.
# -----------------------------------
# Id;AP
# UInt8;UInt8
# -----------------------------------
AA:149;20;# Thunder Slash
AA:150;30;# Stock Break
AA:151;100;# Climhazzard
AA:152;80;# Shock
AA:2;50;# Cura
AA:5;30;# Life
AA:6;65;# Full-Life
AA:10;100;# Esuna
AA:14;30;# Silence
AA:16;40;# Reflect
AA:19;20;# Blind
AA:24;115;# Holy
SA:0;60;# Auto-Reflect
SA:1;75;# Auto-Float
SA:2;95;# Auto-Haste
SA:3;65;# Auto-Regen
SA:4;110;# Auto-Life
SA:5;20;# HP+10%
SA:6;40;# HP+20%
SA:7;25;# MP+10%
SA:9;20;# Accuracy+
SA:12;55;# MP Attack
SA:13;30;# Bird Killer
SA:14;50;# Bug Killer
SA:16;20;# Undead Killer
SA:18;10;# Devil Killer
SA:19;45;# Beast Killer
SA:20;15;# Man Eater
SA:25;20;# Add Status
SA:33;120;# Concentrate
SA:34;90;# Half MP
SA:36;130;# Counter
SA:37;35;# Cover
SA:38;10;# Protect Girls 
SA:39;60;# Eye 4 Eye
SA:40;30;#
SA:41;25;#
SA:42;70;#
SA:43;90;#
SA:44;60;#
SA:48;25;#
SA:49;20;#
SA:50;15;#
SA:51;40;#
SA:53;40;#
SA:56;45;#
SA:57;30;#
SA:58;25;#
