# This file contains a set of learnable Beatrix's second set of abilities.
# You must set 48 different items.
# Use 0 for a void ability, 1-191 for active abilities and 192-254 (id + 192) for passive abilities.
# -----------------------------------
# Id;AP
# UInt8;UInt8
# -----------------------------------
AA:149;0;# Thunder Slash
AA:150;0;# Stock Break
AA:151;0;# Climhazzard
AA:152;0;# Shock
AA:2;0;# Cura
AA:5;0;# Life
AA:6;0;# Full-Life
AA:10;0;# Esuna
AA:14;0;# Silence
AA:16;0;# Reflect
AA:19;0;# Blind
AA:24;0;# Holy
SA:0;75;
SA:1;60;
SA:2;95;
SA:3;65;
SA:4;110;
SA:5;20;
SA:6;40;
SA:7;25;
SA:9;20;
SA:12;55;
SA:13;30;
SA:14;50;
SA:16;20;
SA:18;10;
SA:19;45;
SA:20;15;
SA:25;20;
SA:33;120;
SA:34;90;
SA:36;130;
SA:37;35;
SA:38;10;
SA:39;60;
SA:40;30;
SA:41;25;
SA:42;70;
SA:43;90;
SA:44;60;
SA:48;25;
SA:49;20;
SA:50;15;
SA:51;40;
SA:53;40;
SA:56;45;
SA:57;30;
SA:58;25;
